CREATE DATABASE  IF NOT EXISTS `guli` /*!40100 DEFAULT CHARACTER SET utf8 */ /*!80016 DEFAULT ENCRYPTION='N' */;
USE `guli`;
-- MySQL dump 10.13  Distrib 8.0.22, for macos10.15 (x86_64)
--
-- Host: localhost    Database: guli
-- ------------------------------------------------------
-- Server version	8.0.22

/*!40101 SET @OLD_CHARACTER_SET_CLIENT=@@CHARACTER_SET_CLIENT */;
/*!40101 SET @OLD_CHARACTER_SET_RESULTS=@@CHARACTER_SET_RESULTS */;
/*!40101 SET @OLD_COLLATION_CONNECTION=@@COLLATION_CONNECTION */;
/*!50503 SET NAMES utf8 */;
/*!40103 SET @OLD_TIME_ZONE=@@TIME_ZONE */;
/*!40103 SET TIME_ZONE='+00:00' */;
/*!40014 SET @OLD_UNIQUE_CHECKS=@@UNIQUE_CHECKS, UNIQUE_CHECKS=0 */;
/*!40014 SET @OLD_FOREIGN_KEY_CHECKS=@@FOREIGN_KEY_CHECKS, FOREIGN_KEY_CHECKS=0 */;
/*!40101 SET @OLD_SQL_MODE=@@SQL_MODE, SQL_MODE='NO_AUTO_VALUE_ON_ZERO' */;
/*!40111 SET @OLD_SQL_NOTES=@@SQL_NOTES, SQL_NOTES=0 */;

--
-- Table structure for table `acl_permission`
--

DROP TABLE IF EXISTS `acl_permission`;
/*!40101 SET @saved_cs_client     = @@character_set_client */;
/*!50503 SET character_set_client = utf8mb4 */;
CREATE TABLE `acl_permission` (
  `id` char(19) NOT NULL DEFAULT '' COMMENT '编号',
  `pid` char(19) NOT NULL DEFAULT '' COMMENT '所属上级',
  `name` varchar(20) NOT NULL DEFAULT '' COMMENT '名称',
  `type` tinyint NOT NULL DEFAULT '0' COMMENT '类型(1:菜单,2:按钮)',
  `permission_value` varchar(50) DEFAULT NULL COMMENT '权限值',
  `path` varchar(100) DEFAULT NULL COMMENT '访问路径',
  `component` varchar(100) DEFAULT NULL COMMENT '组件路径',
  `icon` varchar(50) DEFAULT NULL COMMENT '图标',
  `status` tinyint DEFAULT NULL COMMENT '状态(0:禁止,1:正常)',
  `is_deleted` tinyint unsigned NOT NULL DEFAULT '0' COMMENT '逻辑删除 1（true）已删除， 0（false）未删除',
  `gmt_create` datetime DEFAULT NULL COMMENT '创建时间',
  `gmt_modified` datetime DEFAULT NULL COMMENT '更新时间',
  PRIMARY KEY (`id`),
  KEY `idx_pid` (`pid`)
) ENGINE=InnoDB DEFAULT CHARSET=utf8mb4 COLLATE=utf8mb4_0900_ai_ci COMMENT='权限';
/*!40101 SET character_set_client = @saved_cs_client */;

--
-- Dumping data for table `acl_permission`
--

LOCK TABLES `acl_permission` WRITE;
/*!40000 ALTER TABLE `acl_permission` DISABLE KEYS */;
INSERT INTO `acl_permission` VALUES ('1','0','全部数据',0,NULL,NULL,NULL,NULL,NULL,0,'2019-11-15 17:13:06','2019-11-15 17:13:06'),('1195268474480156673','1','权限管理',1,NULL,'/acl','Layout',NULL,NULL,0,'2019-11-15 17:13:06','2019-11-18 13:54:25'),('1195268616021139457','1195268474480156673','用户管理',1,NULL,'user/list','/acl/user/list',NULL,NULL,0,'2019-11-15 17:13:40','2019-11-18 13:53:12'),('1195268788138598401','1195268474480156673','角色管理',1,NULL,'role/list','/acl/role/list',NULL,NULL,0,'2019-11-15 17:14:21','2019-11-15 17:14:21'),('1195268893830864898','1195268474480156673','菜单管理',1,NULL,'menu/list','/acl/menu/list',NULL,NULL,0,'2019-11-15 17:14:46','2019-11-15 17:14:46'),('1195269143060602882','1195268616021139457','查看',2,'user.list','','',NULL,NULL,0,'2019-11-15 17:15:45','2019-11-17 21:57:16'),('1195269295926206466','1195268616021139457','添加',2,'user.add','user/add','/acl/user/form',NULL,NULL,0,'2019-11-15 17:16:22','2019-11-15 17:16:22'),('1195269473479483394','1195268616021139457','修改',2,'user.update','user/update/:id','/acl/user/form',NULL,NULL,0,'2019-11-15 17:17:04','2019-11-15 17:17:04'),('1195269547269873666','1195268616021139457','删除',2,'user.remove','','',NULL,NULL,0,'2019-11-15 17:17:22','2019-11-15 17:17:22'),('1195269821262782465','1195268788138598401','修改',2,'role.update','role/update/:id','/acl/role/form',NULL,NULL,0,'2019-11-15 17:18:27','2019-11-15 17:19:53'),('1195269903542444034','1195268788138598401','查看',2,'role.list','','',NULL,NULL,0,'2019-11-15 17:18:47','2019-11-15 17:18:47'),('1195270037005197313','1195268788138598401','添加',2,'role.add','role/add','/acl/role/form',NULL,NULL,0,'2019-11-15 17:19:19','2019-11-18 11:05:42'),('1195270442602782721','1195268788138598401','删除',2,'role.remove','','',NULL,NULL,0,'2019-11-15 17:20:55','2019-11-15 17:20:55'),('1195270621548568578','1195268788138598401','角色权限',2,'role.acl','role/distribution/:id','/acl/role/roleForm',NULL,NULL,0,'2019-11-15 17:21:38','2019-11-15 17:21:38'),('1195270744097742849','1195268893830864898','查看',2,'permission.list','','',NULL,NULL,0,'2019-11-15 17:22:07','2019-11-15 17:22:07'),('1195270810560684034','1195268893830864898','添加',2,'permission.add','','',NULL,NULL,0,'2019-11-15 17:22:23','2019-11-15 17:22:23'),('1195270862100291586','1195268893830864898','修改',2,'permission.update','','',NULL,NULL,0,'2019-11-15 17:22:35','2019-11-15 17:22:35'),('1195270887933009922','1195268893830864898','删除',2,'permission.remove','','',NULL,NULL,0,'2019-11-15 17:22:41','2019-11-15 17:22:41'),('1195349439240048642','1','教师管理',1,NULL,'/edu/teacher','Layout',NULL,NULL,0,'2019-11-15 22:34:49','2021-06-02 13:36:07'),('1195349699995734017','1195349439240048642','教师列表',1,NULL,'list','/edu/teacher/list',NULL,NULL,0,'2019-11-15 22:35:52','2019-11-15 22:35:52'),('1195349810561781761','1195349439240048642','添加教师',1,NULL,'save','/edu/teacher/save',NULL,NULL,0,'2019-11-15 22:36:18','2021-06-02 13:37:14'),('1195349876252971010','1195349810561781761','添加',2,'teacher.addTeacher','','',NULL,NULL,0,'2019-11-15 22:36:34','2021-06-02 13:32:27'),('1195349979797753857','1195349699995734017','查看',2,'teacher.list','','',NULL,NULL,0,'2019-11-15 22:36:58','2019-11-15 22:36:58'),('1195350117270261762','1195349699995734017','修改',2,'teacher.update','edit/:id','/edu/teacher/form',NULL,NULL,0,'2019-11-15 22:37:31','2019-11-15 22:37:31'),('1195350188359520258','1195349699995734017','删除',2,'teacher.remove','','',NULL,NULL,0,'2019-11-15 22:37:48','2019-11-15 22:37:48'),('1195350299365969922','1','课程分类',1,NULL,'/edu/subject','Layout',NULL,NULL,0,'2019-11-15 22:38:15','2019-11-15 22:38:15'),('1195350397751758850','1195350299365969922','课程分类列表',1,NULL,'list','/edu/subject/list',NULL,NULL,0,'2019-11-15 22:38:38','2019-11-15 22:38:38'),('1195350500512206850','1195350299365969922','导入课程分类',1,NULL,'save','/edu/subject/save',NULL,NULL,0,'2019-11-15 22:39:03','2021-06-02 13:31:09'),('1195350612172967938','1195350397751758850','查看',2,'subject.list','','',NULL,NULL,0,'2019-11-15 22:39:29','2019-11-15 22:39:29'),('1195350687590748161','1195350500512206850','导入',2,'subject.import','','',NULL,NULL,0,'2019-11-15 22:39:47','2021-06-02 13:34:28'),('1195350831744782337','1','课程管理',1,NULL,'/edu/course','Layout',NULL,NULL,0,'2019-11-15 22:40:21','2019-11-15 22:40:21'),('1195350919074385921','1195350831744782337','课程列表',1,NULL,'list','/edu/course/list',NULL,NULL,0,'2019-11-15 22:40:42','2021-06-02 13:30:34'),('1195351020463296513','1195350831744782337','发布课程',1,NULL,'info','/edu/course/info',NULL,NULL,0,'2019-11-15 22:41:06','2019-11-15 22:41:06'),('1195351159672246274','1195350919074385921','完成发布',2,'course.publish','publish/:id','/edu/course/publish',NULL,NULL,0,'2019-11-15 22:41:40','2019-11-15 22:44:01'),('1195351326706208770','1195350919074385921','编辑课程',2,'course.update','info/:id','/edu/course/info',NULL,NULL,0,'2019-11-15 22:42:19','2019-11-15 22:42:19'),('1195351566221938690','1195350919074385921','编辑课程大纲',2,'chapter.update','chapter/:id','/edu/course/chapter',NULL,NULL,0,'2019-11-15 22:43:17','2019-11-15 22:43:17'),('1195351862889254913','1','统计分析',1,NULL,'/sta/creat','Layout',NULL,NULL,0,'2019-11-15 22:44:27','2021-06-02 13:41:44'),('1195351968841568257','1195351862889254913','生成统计',1,NULL,'create','/sta/create',NULL,NULL,0,'2019-11-15 22:44:53','2021-06-02 13:42:51'),('1195352054917074946','1195351862889254913','统计图表',1,NULL,'show','/sta/show',NULL,NULL,0,'2019-11-15 22:45:13','2021-06-02 13:42:18'),('1195352127734386690','1195352054917074946','查看',2,'daily.list','','',NULL,NULL,0,'2019-11-15 22:45:30','2019-11-15 22:45:30'),('1195352215768633346','1195351968841568257','生成',2,'daily.add','','',NULL,NULL,0,'2019-11-15 22:45:51','2019-11-15 22:45:51'),('1196301740985311234','1195268616021139457','分配角色',2,'user.assgin','user/role/:id','/acl/user/roleForm',NULL,NULL,0,'2019-11-18 13:38:56','2019-11-18 13:38:56');
/*!40000 ALTER TABLE `acl_permission` ENABLE KEYS */;
UNLOCK TABLES;

--
-- Table structure for table `acl_role`
--

DROP TABLE IF EXISTS `acl_role`;
/*!40101 SET @saved_cs_client     = @@character_set_client */;
/*!50503 SET character_set_client = utf8mb4 */;
CREATE TABLE `acl_role` (
  `id` char(19) NOT NULL DEFAULT '' COMMENT '角色id',
  `role_name` varchar(20) NOT NULL DEFAULT '' COMMENT '角色名称',
  `role_code` varchar(20) DEFAULT NULL COMMENT '角色编码',
  `remark` varchar(255) DEFAULT NULL COMMENT '备注',
  `is_deleted` tinyint unsigned NOT NULL DEFAULT '0' COMMENT '逻辑删除 1（true）已删除， 0（false）未删除',
  `gmt_create` datetime NOT NULL COMMENT '创建时间',
  `gmt_modified` datetime NOT NULL COMMENT '更新时间',
  PRIMARY KEY (`id`)
) ENGINE=InnoDB DEFAULT CHARSET=utf8;
/*!40101 SET character_set_client = @saved_cs_client */;

--
-- Dumping data for table `acl_role`
--

LOCK TABLES `acl_role` WRITE;
/*!40000 ALTER TABLE `acl_role` DISABLE KEYS */;
INSERT INTO `acl_role` VALUES ('1','超级管理员',NULL,NULL,0,'2019-11-11 13:09:32','2021-05-28 15:44:02'),('1193757683205607426','课程管理员',NULL,NULL,0,'2019-11-11 13:09:45','2019-11-18 10:25:44'),('1196300996034977794','test',NULL,NULL,0,'2019-11-18 13:35:58','2019-11-18 13:35:58');
/*!40000 ALTER TABLE `acl_role` ENABLE KEYS */;
UNLOCK TABLES;

--
-- Table structure for table `acl_role_permission`
--

DROP TABLE IF EXISTS `acl_role_permission`;
/*!40101 SET @saved_cs_client     = @@character_set_client */;
/*!50503 SET character_set_client = utf8mb4 */;
CREATE TABLE `acl_role_permission` (
  `id` char(19) NOT NULL DEFAULT '',
  `role_id` char(19) NOT NULL DEFAULT '',
  `permission_id` char(19) NOT NULL DEFAULT '',
  `is_deleted` tinyint unsigned NOT NULL DEFAULT '0' COMMENT '逻辑删除 1（true）已删除， 0（false）未删除',
  `gmt_create` datetime NOT NULL COMMENT '创建时间',
  `gmt_modified` datetime NOT NULL COMMENT '更新时间',
  PRIMARY KEY (`id`),
  KEY `idx_role_id` (`role_id`),
  KEY `idx_permission_id` (`permission_id`)
) ENGINE=InnoDB DEFAULT CHARSET=utf8 COMMENT='角色权限';
/*!40101 SET character_set_client = @saved_cs_client */;

--
-- Dumping data for table `acl_role_permission`
--

LOCK TABLES `acl_role_permission` WRITE;
/*!40000 ALTER TABLE `acl_role_permission` DISABLE KEYS */;
INSERT INTO `acl_role_permission` VALUES ('1196301979754455041','1','1',1,'2019-11-18 13:39:53','2019-11-18 13:39:53'),('1196301979792203778','1','1195268474480156673',1,'2019-11-18 13:39:53','2019-11-18 13:39:53'),('1196301979821563906','1','1195268616021139457',1,'2019-11-18 13:39:53','2019-11-18 13:39:53'),('1196301979842535426','1','1195269143060602882',1,'2019-11-18 13:39:53','2019-11-18 13:39:53'),('1196301979855118338','1','1195269295926206466',1,'2019-11-18 13:39:53','2019-11-18 13:39:53'),('1196301979880284161','1','1195269473479483394',1,'2019-11-18 13:39:53','2019-11-18 13:39:53'),('1196301979913838593','1','1195269547269873666',1,'2019-11-18 13:39:53','2019-11-18 13:39:53'),('1196301979926421506','1','1196301740985311234',1,'2019-11-18 13:39:53','2019-11-18 13:39:53'),('1196301979951587330','1','1195268788138598401',1,'2019-11-18 13:39:53','2019-11-18 13:39:53'),('1196301980014501889','1','1195269821262782465',1,'2019-11-18 13:39:53','2019-11-18 13:39:53'),('1196301980035473410','1','1195269903542444034',1,'2019-11-18 13:39:53','2019-11-18 13:39:53'),('1196301980052250626','1','1195270037005197313',1,'2019-11-18 13:39:53','2019-11-18 13:39:53'),('1196301980077416450','1','1195270442602782721',1,'2019-11-18 13:39:53','2019-11-18 13:39:53'),('1196301980094193665','1','1195270621548568578',1,'2019-11-18 13:39:53','2019-11-18 13:39:53'),('1196301980119359489','1','1195268893830864898',1,'2019-11-18 13:39:53','2019-11-18 13:39:53'),('1196301980136136706','1','1195270744097742849',1,'2019-11-18 13:39:53','2019-11-18 13:39:53'),('1196301980249382913','1','1195270810560684034',1,'2019-11-18 13:39:53','2019-11-18 13:39:53'),('1196301980270354434','1','1195270862100291586',1,'2019-11-18 13:39:53','2019-11-18 13:39:53'),('1196301980287131649','1','1195270887933009922',1,'2019-11-18 13:39:53','2019-11-18 13:39:53'),('1196301980303908866','1','1195349439240048642',1,'2019-11-18 13:39:53','2019-11-18 13:39:53'),('1196301980320686082','1','1195349699995734017',1,'2019-11-18 13:39:53','2019-11-18 13:39:53'),('1196301980345851905','1','1195349979797753857',1,'2019-11-18 13:39:53','2019-11-18 13:39:53'),('1196301980362629121','1','1195350117270261762',1,'2019-11-18 13:39:53','2019-11-18 13:39:53'),('1196301980383600641','1','1195350188359520258',1,'2019-11-18 13:39:53','2019-11-18 13:39:53'),('1196301980408766465','1','1195349810561781761',1,'2019-11-18 13:39:53','2019-11-18 13:39:53'),('1196301980421349378','1','1195349876252971010',1,'2019-11-18 13:39:53','2019-11-18 13:39:53'),('1196301980438126593','1','1195350299365969922',1,'2019-11-18 13:39:53','2019-11-18 13:39:53'),('1196301980450709506','1','1195350397751758850',1,'2019-11-18 13:39:53','2019-11-18 13:39:53'),('1196301980501041153','1','1195350612172967938',1,'2019-11-18 13:39:53','2019-11-18 13:39:53'),('1196301980517818370','1','1195350500512206850',1,'2019-11-18 13:39:53','2019-11-18 13:39:53'),('1196301980538789889','1','1195350687590748161',1,'2019-11-18 13:39:53','2019-11-18 13:39:53'),('1196301980622675970','1','1195350831744782337',1,'2019-11-18 13:39:53','2019-11-18 13:39:53'),('1196301980639453186','1','1195350919074385921',1,'2019-11-18 13:39:53','2019-11-18 13:39:53'),('1196301980660424705','1','1195351159672246274',1,'2019-11-18 13:39:53','2019-11-18 13:39:53'),('1196301980677201922','1','1195351326706208770',1,'2019-11-18 13:39:53','2019-11-18 13:39:53'),('1196301980698173441','1','1195351566221938690',1,'2019-11-18 13:39:53','2019-11-18 13:39:53'),('1196301980714950658','1','1195351020463296513',1,'2019-11-18 13:39:53','2019-11-18 13:39:53'),('1196301980723339266','1','1195351862889254913',1,'2019-11-18 13:39:53','2019-11-18 13:39:53'),('1196301980744310786','1','1195351968841568257',1,'2019-11-18 13:39:53','2019-11-18 13:39:53'),('1196301980761088001','1','1195352215768633346',1,'2019-11-18 13:39:53','2019-11-18 13:39:53'),('1196301980777865217','1','1195352054917074946',1,'2019-11-18 13:39:53','2019-11-18 13:39:53'),('1196301980794642434','1','1195352127734386690',1,'2019-11-18 13:39:53','2019-11-18 13:39:53'),('1196301980811419650','1','1195352547621965825',1,'2019-11-18 13:39:53','2019-11-18 13:39:53'),('1196301980828196865','1','1195353513549205505',1,'2019-11-18 13:39:53','2019-11-18 13:39:53'),('1196301980844974082','1','1195352856645701633',1,'2019-11-18 13:39:53','2019-11-18 13:39:53'),('1196301980861751298','1','1195352909401657346',1,'2019-11-18 13:39:53','2019-11-18 13:39:53'),('1196301980886917122','1','1195353051395624961',1,'2019-11-18 13:39:53','2019-11-18 13:39:53'),('1196301980928860162','1','1195353672110673921',1,'2019-11-18 13:39:53','2019-11-18 13:39:53'),('1196301980954025986','1','1195354076890370050',1,'2019-11-18 13:39:53','2019-11-18 13:39:53'),('1196301980970803201','1','1195354153482555393',1,'2019-11-18 13:39:53','2019-11-18 13:39:53'),('1196301980987580418','1','1195354315093282817',1,'2019-11-18 13:39:53','2019-11-18 13:39:53'),('1196305293070077953','1','1',1,'2019-11-18 13:53:03','2019-11-18 13:53:03'),('1196305293099438081','1','1195268474480156673',1,'2019-11-18 13:53:03','2019-11-18 13:53:03'),('1196305293120409602','1','1195268616021139457',1,'2019-11-18 13:53:03','2019-11-18 13:53:03'),('1196305293153964034','1','1195269143060602882',1,'2019-11-18 13:53:03','2019-11-18 13:53:03'),('1196305293183324162','1','1195269295926206466',1,'2019-11-18 13:53:03','2019-11-18 13:53:03'),('1196305293212684290','1','1195269473479483394',1,'2019-11-18 13:53:03','2019-11-18 13:53:03'),('1196305293237850114','1','1195269547269873666',1,'2019-11-18 13:53:03','2019-11-18 13:53:03'),('1196305293271404545','1','1196301740985311234',1,'2019-11-18 13:53:03','2019-11-18 13:53:03'),('1196305293485314049','1','1195268788138598401',1,'2019-11-18 13:53:03','2019-11-18 13:53:03'),('1196305293506285569','1','1195269821262782465',1,'2019-11-18 13:53:03','2019-11-18 13:53:03'),('1196305293527257089','1','1195269903542444034',1,'2019-11-18 13:53:03','2019-11-18 13:53:03'),('1196305293552422914','1','1195270037005197313',1,'2019-11-18 13:53:03','2019-11-18 13:53:03'),('1196305293565005825','1','1195270442602782721',1,'2019-11-18 13:53:03','2019-11-18 13:53:03'),('1196305293594365954','1','1195270621548568578',1,'2019-11-18 13:53:03','2019-11-18 13:53:03'),('1196305293611143169','1','1195268893830864898',1,'2019-11-18 13:53:03','2019-11-18 13:53:03'),('1196305293627920385','1','1195270744097742849',1,'2019-11-18 13:53:03','2019-11-18 13:53:03'),('1196305293657280513','1','1195349439240048642',1,'2019-11-18 13:53:03','2019-11-18 13:53:03'),('1196305293674057729','1','1195349699995734017',1,'2019-11-18 13:53:03','2019-11-18 13:53:03'),('1196305293690834946','1','1195349979797753857',1,'2019-11-18 13:53:03','2019-11-18 13:53:03'),('1196305293716000770','1','1195350117270261762',1,'2019-11-18 13:53:03','2019-11-18 13:53:03'),('1196305293736972290','1','1195350188359520258',1,'2019-11-18 13:53:03','2019-11-18 13:53:03'),('1196305293749555202','1','1195349810561781761',1,'2019-11-18 13:53:03','2019-11-18 13:53:03'),('1196305293766332417','1','1195349876252971010',1,'2019-11-18 13:53:03','2019-11-18 13:53:03'),('1196305293795692546','1','1195350299365969922',1,'2019-11-18 13:53:03','2019-11-18 13:53:03'),('1196305293812469762','1','1195350397751758850',1,'2019-11-18 13:53:03','2019-11-18 13:53:03'),('1196305293837635586','1','1195350612172967938',1,'2019-11-18 13:53:03','2019-11-18 13:53:03'),('1196305293858607106','1','1195350500512206850',1,'2019-11-18 13:53:03','2019-11-18 13:53:03'),('1196305293875384322','1','1195350687590748161',1,'2019-11-18 13:53:03','2019-11-18 13:53:03'),('1196305293892161538','1','1195350831744782337',1,'2019-11-18 13:53:03','2019-11-18 13:53:03'),('1196305293950881794','1','1195350919074385921',1,'2019-11-18 13:53:03','2019-11-18 13:53:03'),('1196305293976047617','1','1195351159672246274',1,'2019-11-18 13:53:03','2019-11-18 13:53:03'),('1196305294127042561','1','1195351326706208770',1,'2019-11-18 13:53:03','2019-11-18 13:53:03'),('1196305294156402690','1','1195351566221938690',1,'2019-11-18 13:53:03','2019-11-18 13:53:03'),('1196305294177374209','1','1195351862889254913',1,'2019-11-18 13:53:03','2019-11-18 13:53:03'),('1196305294194151425','1','1195351968841568257',1,'2019-11-18 13:53:03','2019-11-18 13:53:03'),('1196305294223511554','1','1195352215768633346',1,'2019-11-18 13:53:03','2019-11-18 13:53:03'),('1196305294240288770','1','1195352054917074946',1,'2019-11-18 13:53:03','2019-11-18 13:53:03'),('1196305294248677377','1','1195352127734386690',1,'2019-11-18 13:53:03','2019-11-18 13:53:03'),('1196305294248677378','1','1195352547621965825',1,'2019-11-18 13:53:03','2019-11-18 13:53:03'),('1196305294319980546','1','1195353513549205505',1,'2019-11-18 13:53:03','2019-11-18 13:53:03'),('1196305294319980547','1','1195352856645701633',1,'2019-11-18 13:53:03','2019-11-18 13:53:03'),('1196305294319980548','1','1195352909401657346',1,'2019-11-18 13:53:03','2019-11-18 13:53:03'),('1196305294378700802','1','1195353051395624961',1,'2019-11-18 13:53:03','2019-11-18 13:53:03'),('1196305294378700803','1','1195353672110673921',1,'2019-11-18 13:53:03','2019-11-18 13:53:03'),('1196305294458392577','1','1195354076890370050',1,'2019-11-18 13:53:03','2019-11-18 13:53:03'),('1196305294483558402','1','1195354153482555393',1,'2019-11-18 13:53:03','2019-11-18 13:53:03'),('1196305294500335618','1','1195354315093282817',1,'2019-11-18 13:53:03','2019-11-18 13:53:03'),('1196305566656139266','1','1',1,'2019-11-18 13:54:08','2019-11-18 13:54:08'),('1196305566689693698','1','1195268474480156673',1,'2019-11-18 13:54:08','2019-11-18 13:54:08'),('1196305566706470913','1','1195268616021139457',1,'2019-11-18 13:54:08','2019-11-18 13:54:08'),('1196305566740025346','1','1195269143060602882',1,'2019-11-18 13:54:08','2019-11-18 13:54:08'),('1196305566756802561','1','1195269295926206466',1,'2019-11-18 13:54:08','2019-11-18 13:54:08'),('1196305566781968385','1','1195269473479483394',1,'2019-11-18 13:54:08','2019-11-18 13:54:08'),('1196305566811328514','1','1195269547269873666',1,'2019-11-18 13:54:08','2019-11-18 13:54:08'),('1196305566828105730','1','1196301740985311234',1,'2019-11-18 13:54:08','2019-11-18 13:54:08'),('1196305566853271554','1','1195268788138598401',1,'2019-11-18 13:54:08','2019-11-18 13:54:08'),('1196305566878437378','1','1195269821262782465',1,'2019-11-18 13:54:08','2019-11-18 13:54:08'),('1196305566895214593','1','1195269903542444034',1,'2019-11-18 13:54:08','2019-11-18 13:54:08'),('1196305566916186113','1','1195270037005197313',1,'2019-11-18 13:54:08','2019-11-18 13:54:08'),('1196305566949740546','1','1195270442602782721',1,'2019-11-18 13:54:08','2019-11-18 13:54:08'),('1196305566966517761','1','1195270621548568578',1,'2019-11-18 13:54:08','2019-11-18 13:54:08'),('1196305566991683585','1','1195268893830864898',1,'2019-11-18 13:54:08','2019-11-18 13:54:08'),('1196305567012655106','1','1195270744097742849',1,'2019-11-18 13:54:08','2019-11-18 13:54:08'),('1196305567029432322','1','1195270810560684034',1,'2019-11-18 13:54:08','2019-11-18 13:54:08'),('1196305567042015233','1','1195270862100291586',1,'2019-11-18 13:54:08','2019-11-18 13:54:08'),('1196305567100735490','1','1195270887933009922',1,'2019-11-18 13:54:08','2019-11-18 13:54:08'),('1196305567117512705','1','1195349439240048642',1,'2019-11-18 13:54:08','2019-11-18 13:54:08'),('1196305567142678530','1','1195349699995734017',1,'2019-11-18 13:54:08','2019-11-18 13:54:08'),('1196305567155261442','1','1195349979797753857',1,'2019-11-18 13:54:08','2019-11-18 13:54:08'),('1196305567172038658','1','1195350117270261762',1,'2019-11-18 13:54:08','2019-11-18 13:54:08'),('1196305567188815873','1','1195350188359520258',1,'2019-11-18 13:54:08','2019-11-18 13:54:08'),('1196305567218176001','1','1195349810561781761',1,'2019-11-18 13:54:08','2019-11-18 13:54:08'),('1196305567234953217','1','1195349876252971010',1,'2019-11-18 13:54:08','2019-11-18 13:54:08'),('1196305567251730434','1','1195350299365969922',1,'2019-11-18 13:54:08','2019-11-18 13:54:08'),('1196305567272701954','1','1195350397751758850',1,'2019-11-18 13:54:08','2019-11-18 13:54:08'),('1196305567289479170','1','1195350612172967938',1,'2019-11-18 13:54:08','2019-11-18 13:54:08'),('1196305567310450690','1','1195350500512206850',1,'2019-11-18 13:54:08','2019-11-18 13:54:08'),('1196305567327227905','1','1195350687590748161',1,'2019-11-18 13:54:08','2019-11-18 13:54:08'),('1196305567448862722','1','1195350831744782337',1,'2019-11-18 13:54:08','2019-11-18 13:54:08'),('1196305567478222850','1','1195350919074385921',1,'2019-11-18 13:54:08','2019-11-18 13:54:08'),('1196305567495000065','1','1195351159672246274',1,'2019-11-18 13:54:08','2019-11-18 13:54:08'),('1196305567520165889','1','1195351326706208770',1,'2019-11-18 13:54:08','2019-11-18 13:54:08'),('1196305567541137409','1','1195351566221938690',1,'2019-11-18 13:54:08','2019-11-18 13:54:08'),('1196305567570497538','1','1195351862889254913',1,'2019-11-18 13:54:08','2019-11-18 13:54:08'),('1196305567587274754','1','1195351968841568257',1,'2019-11-18 13:54:08','2019-11-18 13:54:08'),('1196305567604051970','1','1195352215768633346',1,'2019-11-18 13:54:08','2019-11-18 13:54:08'),('1196305567633412098','1','1195352054917074946',1,'2019-11-18 13:54:08','2019-11-18 13:54:08'),('1196305567683743745','1','1195352127734386690',1,'2019-11-18 13:54:08','2019-11-18 13:54:08'),('1196305567721492481','1','1195352547621965825',1,'2019-11-18 13:54:08','2019-11-18 13:54:08'),('1196305567742464002','1','1195353513549205505',1,'2019-11-18 13:54:08','2019-11-18 13:54:08'),('1196305567771824129','1','1195352856645701633',1,'2019-11-18 13:54:08','2019-11-18 13:54:08'),('1196305567792795650','1','1195352909401657346',1,'2019-11-18 13:54:08','2019-11-18 13:54:08'),('1196305567809572866','1','1195353051395624961',1,'2019-11-18 13:54:08','2019-11-18 13:54:08'),('1196305567843127298','1','1195353672110673921',1,'2019-11-18 13:54:08','2019-11-18 13:54:08'),('1196305567868293122','1','1195354076890370050',1,'2019-11-18 13:54:08','2019-11-18 13:54:08'),('1196305567885070338','1','1195354153482555393',1,'2019-11-18 13:54:08','2019-11-18 13:54:08'),('1196305567910236162','1','1195354315093282817',1,'2019-11-18 13:54:08','2019-11-18 13:54:08'),('1196312702601695234','1','1',0,'2019-11-18 14:22:29','2019-11-18 14:22:29'),('1196312702652026881','1','1195268474480156673',0,'2019-11-18 14:22:29','2019-11-18 14:22:29'),('1196312702668804098','1','1195268616021139457',0,'2019-11-18 14:22:29','2019-11-18 14:22:29'),('1196312702698164226','1','1195269143060602882',0,'2019-11-18 14:22:29','2019-11-18 14:22:29'),('1196312702723330049','1','1195269295926206466',0,'2019-11-18 14:22:29','2019-11-18 14:22:29'),('1196312702744301569','1','1195269473479483394',0,'2019-11-18 14:22:29','2019-11-18 14:22:29'),('1196312702765273089','1','1195269547269873666',0,'2019-11-18 14:22:29','2019-11-18 14:22:29'),('1196312702790438913','1','1196301740985311234',0,'2019-11-18 14:22:29','2019-11-18 14:22:29'),('1196312702945628161','1','1195268788138598401',0,'2019-11-18 14:22:29','2019-11-18 14:22:29'),('1196312702970793985','1','1195269821262782465',0,'2019-11-18 14:22:29','2019-11-18 14:22:29'),('1196312703000154114','1','1195269903542444034',0,'2019-11-18 14:22:29','2019-11-18 14:22:29'),('1196312703025319938','1','1195270037005197313',0,'2019-11-18 14:22:29','2019-11-18 14:22:29'),('1196312703046291458','1','1195270442602782721',0,'2019-11-18 14:22:29','2019-11-18 14:22:29'),('1196312703063068673','1','1195270621548568578',0,'2019-11-18 14:22:29','2019-11-18 14:22:29'),('1196312703084040193','1','1195268893830864898',0,'2019-11-18 14:22:29','2019-11-18 14:22:29'),('1196312703113400321','1','1195270744097742849',0,'2019-11-18 14:22:29','2019-11-18 14:22:29'),('1196312703134371842','1','1195270810560684034',0,'2019-11-18 14:22:30','2019-11-18 14:22:30'),('1196312703159537665','1','1195270862100291586',0,'2019-11-18 14:22:30','2019-11-18 14:22:30'),('1196312703184703490','1','1195270887933009922',0,'2019-11-18 14:22:30','2019-11-18 14:22:30'),('1196312703209869313','1','1195349439240048642',0,'2019-11-18 14:22:30','2019-11-18 14:22:30'),('1196312703230840834','1','1195349699995734017',0,'2019-11-18 14:22:30','2019-11-18 14:22:30'),('1196312703251812354','1','1195349979797753857',0,'2019-11-18 14:22:30','2019-11-18 14:22:30'),('1196312703272783873','1','1195350117270261762',0,'2019-11-18 14:22:30','2019-11-18 14:22:30'),('1196312703293755394','1','1195350188359520258',0,'2019-11-18 14:22:30','2019-11-18 14:22:30'),('1196312703327309826','1','1195349810561781761',0,'2019-11-18 14:22:30','2019-11-18 14:22:30'),('1196312703348281345','1','1195349876252971010',0,'2019-11-18 14:22:30','2019-11-18 14:22:30'),('1196312703365058561','1','1195350299365969922',0,'2019-11-18 14:22:30','2019-11-18 14:22:30'),('1196312703386030082','1','1195350397751758850',0,'2019-11-18 14:22:30','2019-11-18 14:22:30'),('1196312703440556034','1','1195350612172967938',0,'2019-11-18 14:22:30','2019-11-18 14:22:30'),('1196312703486693378','1','1195350500512206850',0,'2019-11-18 14:22:30','2019-11-18 14:22:30'),('1196312703511859202','1','1195350687590748161',0,'2019-11-18 14:22:30','2019-11-18 14:22:30'),('1196312703654465537','1','1195350831744782337',0,'2019-11-18 14:22:30','2019-11-18 14:22:30'),('1196312703683825665','1','1195350919074385921',0,'2019-11-18 14:22:30','2019-11-18 14:22:30'),('1196312703700602882','1','1195351159672246274',0,'2019-11-18 14:22:30','2019-11-18 14:22:30'),('1196312703717380098','1','1195351326706208770',0,'2019-11-18 14:22:30','2019-11-18 14:22:30'),('1196312703738351618','1','1195351566221938690',0,'2019-11-18 14:22:30','2019-11-18 14:22:30'),('1196312703759323137','1','1195351020463296513',0,'2019-11-18 14:22:30','2019-11-18 14:22:30'),('1196312703776100353','1','1195351862889254913',0,'2019-11-18 14:22:30','2019-11-18 14:22:30'),('1196312703792877570','1','1195351968841568257',0,'2019-11-18 14:22:30','2019-11-18 14:22:30'),('1196312703830626305','1','1195352215768633346',0,'2019-11-18 14:22:30','2019-11-18 14:22:30'),('1196312703843209217','1','1195352054917074946',0,'2019-11-18 14:22:30','2019-11-18 14:22:30'),('1196312703868375041','1','1195352127734386690',0,'2019-11-18 14:22:30','2019-11-18 14:22:30'),('1196312703889346561','1','1195352547621965825',0,'2019-11-18 14:22:30','2019-11-18 14:22:30'),('1196312703901929473','1','1195353513549205505',0,'2019-11-18 14:22:30','2019-11-18 14:22:30'),('1196312703918706689','1','1195352856645701633',0,'2019-11-18 14:22:30','2019-11-18 14:22:30'),('1196312703952261121','1','1195352909401657346',0,'2019-11-18 14:22:30','2019-11-18 14:22:30'),('1196312703973232642','1','1195353051395624961',0,'2019-11-18 14:22:30','2019-11-18 14:22:30'),('1196312703990009857','1','1195353672110673921',0,'2019-11-18 14:22:30','2019-11-18 14:22:30'),('1196312704048730114','1','1195354076890370050',0,'2019-11-18 14:22:30','2019-11-18 14:22:30'),('1196312704069701633','1','1195354153482555393',0,'2019-11-18 14:22:30','2019-11-18 14:22:30'),('1196312704094867457','1','1195354315093282817',0,'2019-11-18 14:22:30','2019-11-18 14:22:30'),('1399663755561336833','1','1195268474480156673',0,'2021-06-01 17:46:58','2021-06-01 17:46:58'),('1399663755611668481','1','1195268616021139457',0,'2021-06-01 17:46:58','2021-06-01 17:46:58'),('1399663755615862786','1','1195269143060602882',0,'2021-06-01 17:46:58','2021-06-01 17:46:58'),('1399663755620057090','1','1195269295926206466',0,'2021-06-01 17:46:58','2021-06-01 17:46:58'),('1399663755620057091','1','1195269473479483394',0,'2021-06-01 17:46:58','2021-06-01 17:46:58'),('1399663755624251394','1','1195269547269873666',0,'2021-06-01 17:46:58','2021-06-01 17:46:58'),('1399663755624251395','1','1196301740985311234',0,'2021-06-01 17:46:58','2021-06-01 17:46:58'),('1399663755628445697','1','1195268788138598401',0,'2021-06-01 17:46:58','2021-06-01 17:46:58'),('1399663755628445698','1','1195269821262782465',0,'2021-06-01 17:46:58','2021-06-01 17:46:58'),('1399663755632640001','1','1195269903542444034',0,'2021-06-01 17:46:58','2021-06-01 17:46:58'),('1399663755632640002','1','1195270037005197313',0,'2021-06-01 17:46:58','2021-06-01 17:46:58'),('1399663755636834305','1','1195270442602782721',0,'2021-06-01 17:46:58','2021-06-01 17:46:58'),('1399663755641028610','1','1195270621548568578',0,'2021-06-01 17:46:58','2021-06-01 17:46:58'),('1399663755641028611','1','1195268893830864898',0,'2021-06-01 17:46:58','2021-06-01 17:46:58'),('1399663755641028612','1','1195270744097742849',0,'2021-06-01 17:46:58','2021-06-01 17:46:58'),('1399663755645222914','1','1195270810560684034',0,'2021-06-01 17:46:58','2021-06-01 17:46:58'),('1399663755649417217','1','1195270862100291586',0,'2021-06-01 17:46:58','2021-06-01 17:46:58'),('1399663755653611521','1','1195270887933009922',0,'2021-06-01 17:46:58','2021-06-01 17:46:58'),('1399663755653611522','1','1195349439240048642',0,'2021-06-01 17:46:59','2021-06-01 17:46:59'),('1399663755657805825','1','1195349699995734017',0,'2021-06-01 17:46:59','2021-06-01 17:46:59'),('1399663755662000130','1','1195349979797753857',0,'2021-06-01 17:46:59','2021-06-01 17:46:59'),('1399663755666194433','1','1195350117270261762',0,'2021-06-01 17:46:59','2021-06-01 17:46:59'),('1399663755666194434','1','1195350188359520258',0,'2021-06-01 17:46:59','2021-06-01 17:46:59'),('1399663755670388738','1','1195349810561781761',0,'2021-06-01 17:46:59','2021-06-01 17:46:59'),('1399663755674583041','1','1195349876252971010',0,'2021-06-01 17:46:59','2021-06-01 17:46:59'),('1399663755674583042','1','1195350299365969922',0,'2021-06-01 17:46:59','2021-06-01 17:46:59'),('1399663755674583043','1','1195350397751758850',0,'2021-06-01 17:46:59','2021-06-01 17:46:59'),('1399663755678777346','1','1195350612172967938',0,'2021-06-01 17:46:59','2021-06-01 17:46:59'),('1399663755678777347','1','1195350500512206850',0,'2021-06-01 17:46:59','2021-06-01 17:46:59'),('1399663755678777348','1','1195350687590748161',0,'2021-06-01 17:46:59','2021-06-01 17:46:59'),('1399663755682971649','1','1195350919074385921',0,'2021-06-01 17:46:59','2021-06-01 17:46:59'),('1399663756035293185','1','1195351159672246274',0,'2021-06-01 17:46:59','2021-06-01 17:46:59'),('1399663756039487489','1','1195351326706208770',0,'2021-06-01 17:46:59','2021-06-01 17:46:59'),('1399663756039487490','1','1195351566221938690',0,'2021-06-01 17:46:59','2021-06-01 17:46:59'),('1399663756039487491','1','1195351862889254913',0,'2021-06-01 17:46:59','2021-06-01 17:46:59'),('1399663756039487492','1','1195351968841568257',0,'2021-06-01 17:46:59','2021-06-01 17:46:59'),('1399663756043681793','1','1195352215768633346',0,'2021-06-01 17:46:59','2021-06-01 17:46:59'),('1399663756043681794','1','1195352054917074946',0,'2021-06-01 17:46:59','2021-06-01 17:46:59'),('1399663756043681795','1','1195352127734386690',0,'2021-06-01 17:46:59','2021-06-01 17:46:59'),('1399663756047876097','1','1195352547621965825',0,'2021-06-01 17:46:59','2021-06-01 17:46:59'),('1399663756047876098','1','1195353513549205505',0,'2021-06-01 17:46:59','2021-06-01 17:46:59'),('1399663756047876099','1','1195352856645701633',0,'2021-06-01 17:46:59','2021-06-01 17:46:59'),('1399663756052070401','1','1195352909401657346',0,'2021-06-01 17:46:59','2021-06-01 17:46:59'),('1399663756052070402','1','1195353051395624961',0,'2021-06-01 17:46:59','2021-06-01 17:46:59'),('1399663756056264705','1','1195353672110673921',0,'2021-06-01 17:46:59','2021-06-01 17:46:59'),('1399663756056264706','1','1195354076890370050',0,'2021-06-01 17:46:59','2021-06-01 17:46:59'),('1399663756060459010','1','1195354153482555393',0,'2021-06-01 17:46:59','2021-06-01 17:46:59'),('1399663756060459011','1','1195354315093282817',0,'2021-06-01 17:46:59','2021-06-01 17:46:59');
/*!40000 ALTER TABLE `acl_role_permission` ENABLE KEYS */;
UNLOCK TABLES;

--
-- Table structure for table `acl_user`
--

DROP TABLE IF EXISTS `acl_user`;
/*!40101 SET @saved_cs_client     = @@character_set_client */;
/*!50503 SET character_set_client = utf8mb4 */;
CREATE TABLE `acl_user` (
  `id` char(19) NOT NULL COMMENT '会员id',
  `username` varchar(20) NOT NULL DEFAULT '' COMMENT '微信openid',
  `password` varchar(32) NOT NULL DEFAULT '' COMMENT '密码',
  `nick_name` varchar(50) DEFAULT NULL COMMENT '昵称',
  `salt` varchar(255) DEFAULT NULL COMMENT '用户头像',
  `token` varchar(100) DEFAULT NULL COMMENT '用户签名',
  `is_deleted` tinyint unsigned NOT NULL DEFAULT '0' COMMENT '逻辑删除 1（true）已删除， 0（false）未删除',
  `gmt_create` datetime NOT NULL COMMENT '创建时间',
  `gmt_modified` datetime NOT NULL COMMENT '更新时间',
  PRIMARY KEY (`id`),
  UNIQUE KEY `uk_username` (`username`)
) ENGINE=InnoDB DEFAULT CHARSET=utf8mb4 COLLATE=utf8mb4_0900_ai_ci COMMENT='用户表';
/*!40101 SET character_set_client = @saved_cs_client */;

--
-- Dumping data for table `acl_user`
--

LOCK TABLES `acl_user` WRITE;
/*!40000 ALTER TABLE `acl_user` DISABLE KEYS */;
INSERT INTO `acl_user` VALUES ('1','admin','96e79218965eb72c92a549dd5a330112','admin','',NULL,0,'2019-11-01 10:39:47','2019-11-01 10:39:47'),('2','test','96e79218965eb72c92a549dd5a330112','test',NULL,NULL,0,'2019-11-01 16:36:07','2019-11-01 16:40:08');
/*!40000 ALTER TABLE `acl_user` ENABLE KEYS */;
UNLOCK TABLES;

--
-- Table structure for table `acl_user_role`
--

DROP TABLE IF EXISTS `acl_user_role`;
/*!40101 SET @saved_cs_client     = @@character_set_client */;
/*!50503 SET character_set_client = utf8mb4 */;
CREATE TABLE `acl_user_role` (
  `id` char(19) NOT NULL DEFAULT '' COMMENT '主键id',
  `role_id` char(19) NOT NULL DEFAULT '0' COMMENT '角色id',
  `user_id` char(19) NOT NULL DEFAULT '0' COMMENT '用户id',
  `is_deleted` tinyint unsigned NOT NULL DEFAULT '0' COMMENT '逻辑删除 1（true）已删除， 0（false）未删除',
  `gmt_create` datetime NOT NULL COMMENT '创建时间',
  `gmt_modified` datetime NOT NULL COMMENT '更新时间',
  PRIMARY KEY (`id`),
  KEY `idx_role_id` (`role_id`),
  KEY `idx_user_id` (`user_id`)
) ENGINE=InnoDB DEFAULT CHARSET=utf8;
/*!40101 SET character_set_client = @saved_cs_client */;

--
-- Dumping data for table `acl_user_role`
--

LOCK TABLES `acl_user_role` WRITE;
/*!40000 ALTER TABLE `acl_user_role` DISABLE KEYS */;
INSERT INTO `acl_user_role` VALUES ('1','1','2',0,'2019-11-11 13:09:53','2019-11-11 13:09:53');
/*!40000 ALTER TABLE `acl_user_role` ENABLE KEYS */;
UNLOCK TABLES;

--
-- Table structure for table `crm_banner`
--

DROP TABLE IF EXISTS `crm_banner`;
/*!40101 SET @saved_cs_client     = @@character_set_client */;
/*!50503 SET character_set_client = utf8mb4 */;
CREATE TABLE `crm_banner` (
  `id` char(19) NOT NULL DEFAULT '' COMMENT 'ID',
  `title` varchar(20) DEFAULT '' COMMENT '标题',
  `image_url` varchar(500) NOT NULL DEFAULT '' COMMENT '图片地址',
  `link_url` varchar(500) DEFAULT '' COMMENT '链接地址',
  `sort` int unsigned NOT NULL DEFAULT '0' COMMENT '排序',
  `is_deleted` tinyint unsigned NOT NULL DEFAULT '0' COMMENT '逻辑删除 1（true）已删除， 0（false）未删除',
  `gmt_create` datetime NOT NULL COMMENT '创建时间',
  `gmt_modified` datetime NOT NULL COMMENT '更新时间',
  PRIMARY KEY (`id`),
  UNIQUE KEY `uk_name` (`title`)
) ENGINE=InnoDB DEFAULT CHARSET=utf8mb4 COLLATE=utf8mb4_0900_ai_ci COMMENT='首页banner表';
/*!40101 SET character_set_client = @saved_cs_client */;

--
-- Dumping data for table `crm_banner`
--

LOCK TABLES `crm_banner` WRITE;
/*!40000 ALTER TABLE `crm_banner` DISABLE KEYS */;
INSERT INTO `crm_banner` VALUES ('1194556896025845762','test1','http://suprit-images.oss-cn-beijing.aliyuncs.com/2021-05-28-020841.jpg','#',3,0,'2019-11-13 18:05:32','2019-11-18 10:28:22'),('1194607458461216769','test2','http://suprit-images.oss-cn-beijing.aliyuncs.com/2021-05-29-063952.jpg','#',2,0,'2019-11-13 21:26:27','2019-11-14 09:12:15'),('1194607458461216770','test3','http://suprit-images.oss-cn-beijing.aliyuncs.com/2021-05-29-064031.jpg','#',1,0,'2019-11-13 21:26:27','2019-11-14 09:12:15');
/*!40000 ALTER TABLE `crm_banner` ENABLE KEYS */;
UNLOCK TABLES;

--
-- Table structure for table `edu_chapter`
--

DROP TABLE IF EXISTS `edu_chapter`;
/*!40101 SET @saved_cs_client     = @@character_set_client */;
/*!50503 SET character_set_client = utf8mb4 */;
CREATE TABLE `edu_chapter` (
  `id` char(19) NOT NULL COMMENT '章节ID',
  `course_id` char(19) NOT NULL COMMENT '课程ID',
  `title` varchar(50) NOT NULL COMMENT '章节名称',
  `sort` int unsigned NOT NULL DEFAULT '0' COMMENT '显示排序',
  `gmt_create` datetime NOT NULL COMMENT '创建时间',
  `gmt_modified` datetime NOT NULL COMMENT '更新时间',
  PRIMARY KEY (`id`),
  KEY `idx_course_id` (`course_id`)
) ENGINE=InnoDB DEFAULT CHARSET=utf8mb4 COLLATE=utf8mb4_0900_ai_ci ROW_FORMAT=COMPACT COMMENT='课程';
/*!40101 SET character_set_client = @saved_cs_client */;

--
-- Dumping data for table `edu_chapter`
--

LOCK TABLES `edu_chapter` WRITE;
/*!40000 ALTER TABLE `edu_chapter` DISABLE KEYS */;
INSERT INTO `edu_chapter` VALUES ('1181729226915577857','18','第七章：I/O流',1,'2019-10-09 08:32:58','2021-04-13 21:59:40'),('1381963325188395010','1381951561377837057','第一章',0,'2021-04-13 21:31:47','2021-04-13 21:31:54'),('1382573563285360641','1382573535040917505','第一章',0,'2021-04-15 13:56:39','2021-04-15 13:56:39'),('1385808280458117121','1385808251953627138','第一章',1,'2021-04-24 12:10:16','2021-04-24 12:10:16'),('1385835799072751617','1385808251953627138','第二章',1,'2021-04-24 13:59:37','2021-04-24 13:59:37'),('1385836650684235777','1385836620766265345','第一章',1,'2021-04-24 14:03:00','2021-04-24 14:03:00'),('1385836737359527937','1385836620766265345','第二章',1,'2021-04-24 14:03:20','2021-04-24 14:03:20'),('1385837371953528834','1385837330912264194','第一章',1,'2021-04-24 14:05:52','2021-04-24 14:05:52'),('1385931330772099074','1385931301672017922','第一章',0,'2021-04-24 20:19:13','2021-04-24 20:19:13'),('1385931940074446850','1383045391817158658','第一章 机器学习概述',0,'2021-04-24 20:21:39','2021-04-24 20:21:39'),('15','18','第一章：Java入门',0,'2019-01-01 12:27:40','2019-10-09 09:13:19'),('32','18','第二章：控制台输入和输出',2,'2019-01-01 12:27:40','2021-04-13 21:59:24'),('44','18','第三章：控制流',0,'2019-01-01 12:27:40','2019-01-01 12:27:40'),('48','18','第四章：类的定义',0,'2019-01-01 12:27:40','2019-01-01 12:27:40'),('63','18','第五章：数组',0,'2019-01-01 12:27:40','2019-01-01 12:27:40'),('64','18','第六章：继承',61,'2019-01-01 12:27:40','2019-10-09 08:32:47');
/*!40000 ALTER TABLE `edu_chapter` ENABLE KEYS */;
UNLOCK TABLES;

--
-- Table structure for table `edu_comment`
--

DROP TABLE IF EXISTS `edu_comment`;
/*!40101 SET @saved_cs_client     = @@character_set_client */;
/*!50503 SET character_set_client = utf8mb4 */;
CREATE TABLE `edu_comment` (
  `id` char(19) NOT NULL COMMENT '讲师ID',
  `course_id` varchar(19) NOT NULL DEFAULT '' COMMENT '课程id',
  `teacher_id` char(19) NOT NULL DEFAULT '' COMMENT '讲师id',
  `member_id` varchar(19) NOT NULL DEFAULT '' COMMENT '会员id',
  `nickname` varchar(50) DEFAULT NULL COMMENT '会员昵称',
  `avatar` varchar(255) DEFAULT NULL COMMENT '会员头像',
  `content` varchar(500) DEFAULT NULL COMMENT '评论内容',
  `is_deleted` tinyint unsigned NOT NULL DEFAULT '0' COMMENT '逻辑删除 1（true）已删除， 0（false）未删除',
  `gmt_create` datetime NOT NULL COMMENT '创建时间',
  `gmt_modified` datetime NOT NULL COMMENT '更新时间',
  PRIMARY KEY (`id`),
  KEY `idx_course_id` (`course_id`),
  KEY `idx_teacher_id` (`teacher_id`),
  KEY `idx_member_id` (`member_id`)
) ENGINE=InnoDB DEFAULT CHARSET=utf8mb4 COLLATE=utf8mb4_0900_ai_ci COMMENT='评论';
/*!40101 SET character_set_client = @saved_cs_client */;

--
-- Dumping data for table `edu_comment`
--

LOCK TABLES `edu_comment` WRITE;
/*!40000 ALTER TABLE `edu_comment` DISABLE KEYS */;
INSERT INTO `edu_comment` VALUES ('1194499162790211585','1192252213659774977','1189389726308478977','1','小三123','http://thirdwx.qlogo.cn/mmopen/vi_32/DYAIOgq83eoj0hHXhgJNOTSOFsS4uZs8x1ConecaVOB8eIl115xmJZcT4oCicvia7wMEufibKtTLqiaJeanU2Lpg3w/132','课程很好',0,'2019-11-13 14:16:08','2019-11-13 14:16:08'),('1194898406466420738','1192252213659774977','1189389726308478977','1','小三123','http://thirdwx.qlogo.cn/mmopen/vi_32/DYAIOgq83eoj0hHXhgJNOTSOFsS4uZs8x1ConecaVOB8eIl115xmJZcT4oCicvia7wMEufibKtTLqiaJeanU2Lpg3w/132','11',0,'2019-11-14 16:42:35','2019-11-14 16:42:35'),('1194898484388200450','1192252213659774977','1189389726308478977','1','小三123','http://thirdwx.qlogo.cn/mmopen/vi_32/DYAIOgq83eoj0hHXhgJNOTSOFsS4uZs8x1ConecaVOB8eIl115xmJZcT4oCicvia7wMEufibKtTLqiaJeanU2Lpg3w/132','111',0,'2019-11-14 16:42:53','2019-11-14 16:42:53'),('1195251020861317122','1192252213659774977','1189389726308478977','1',NULL,NULL,'2233',0,'2019-11-15 16:03:45','2019-11-15 16:03:45'),('1195251382720700418','1192252213659774977','1189389726308478977','1',NULL,NULL,'4455',0,'2019-11-15 16:05:11','2019-11-15 16:05:11'),('1195252819177570306','1192252213659774977','1189389726308478977','1','小三1231','http://thirdwx.qlogo.cn/mmopen/vi_32/DYAIOgq83eoj0hHXhgJNOTSOFsS4uZs8x1ConecaVOB8eIl115xmJZcT4oCicvia7wMEufibKtTLqiaJeanU2Lpg3w/132','55',0,'2019-11-15 16:10:53','2019-11-15 16:10:53'),('1195252899448160258','1192252213659774977','1189389726308478977','1','小三1231','http://thirdwx.qlogo.cn/mmopen/vi_32/DYAIOgq83eoj0hHXhgJNOTSOFsS4uZs8x1ConecaVOB8eIl115xmJZcT4oCicvia7wMEufibKtTLqiaJeanU2Lpg3w/132','55',0,'2019-11-15 16:11:13','2019-11-15 16:11:13'),('1195252920587452417','1192252213659774977','1189389726308478977','1','小三1231','http://thirdwx.qlogo.cn/mmopen/vi_32/DYAIOgq83eoj0hHXhgJNOTSOFsS4uZs8x1ConecaVOB8eIl115xmJZcT4oCicvia7wMEufibKtTLqiaJeanU2Lpg3w/132','223344',0,'2019-11-15 16:11:18','2019-11-15 16:11:18'),('1195262128095559681','14','1189389726308478977','1','小三1231','http://thirdwx.qlogo.cn/mmopen/vi_32/DYAIOgq83eoj0hHXhgJNOTSOFsS4uZs8x1ConecaVOB8eIl115xmJZcT4oCicvia7wMEufibKtTLqiaJeanU2Lpg3w/132','11',0,'2019-11-15 16:47:53','2019-11-15 16:47:53'),('1196264505170767874','1192252213659774977','1189389726308478977','1','小三1231','http://thirdwx.qlogo.cn/mmopen/vi_32/DYAIOgq83eoj0hHXhgJNOTSOFsS4uZs8x1ConecaVOB8eIl115xmJZcT4oCicvia7wMEufibKtTLqiaJeanU2Lpg3w/132','666666',0,'2019-11-18 11:10:58','2019-11-18 11:10:58'),('1390146467607437313','1383045391817158658','','2','小火火','https://suprit-images.oss-cn-beijing.aliyuncs.com/2021-04-24-avatar1.jpeg','hi',0,'2021-05-06 11:28:40','2021-05-06 11:28:40'),('1392663782316048385','1383045391817158658','','5','菜鸡','https://suprit-images.oss-cn-beijing.aliyuncs.com/2021-04-24-avatar1.jpeg','我非常喜欢这门课程！',0,'2021-05-13 10:11:35','2021-05-13 10:11:35');
/*!40000 ALTER TABLE `edu_comment` ENABLE KEYS */;
UNLOCK TABLES;

--
-- Table structure for table `edu_course`
--

DROP TABLE IF EXISTS `edu_course`;
/*!40101 SET @saved_cs_client     = @@character_set_client */;
/*!50503 SET character_set_client = utf8mb4 */;
CREATE TABLE `edu_course` (
  `id` char(19) NOT NULL COMMENT '课程ID',
  `teacher_id` char(19) NOT NULL COMMENT '课程讲师ID',
  `subject_id` char(19) NOT NULL COMMENT '课程专业ID',
  `subject_parent_id` char(19) NOT NULL COMMENT '课程专业父级ID',
  `title` varchar(50) NOT NULL COMMENT '课程标题',
  `price` decimal(10,2) unsigned NOT NULL DEFAULT '0.00' COMMENT '课程销售价格，设置为0则可免费观看',
  `lesson_num` int unsigned NOT NULL DEFAULT '0' COMMENT '总课时',
  `cover` varchar(255) CHARACTER SET utf8 COLLATE utf8_general_ci NOT NULL COMMENT '课程封面图片路径',
  `buy_count` bigint unsigned NOT NULL DEFAULT '0' COMMENT '销售数量',
  `view_count` bigint unsigned NOT NULL DEFAULT '0' COMMENT '浏览数量',
  `version` bigint unsigned NOT NULL DEFAULT '1' COMMENT '乐观锁',
  `status` varchar(10) NOT NULL DEFAULT 'Draft' COMMENT '课程状态 Draft未发布  Normal已发布',
  `is_deleted` tinyint DEFAULT '0' COMMENT '逻辑删除 1（true）已删除， 0（false）未删除',
  `gmt_create` datetime NOT NULL COMMENT '创建时间',
  `gmt_modified` datetime NOT NULL COMMENT '更新时间',
  `W` double DEFAULT NULL,
  `reason` varchar(256) DEFAULT NULL,
  PRIMARY KEY (`id`),
  KEY `idx_title` (`title`),
  KEY `idx_subject_id` (`subject_id`),
  KEY `idx_teacher_id` (`teacher_id`)
) ENGINE=InnoDB DEFAULT CHARSET=utf8mb4 COLLATE=utf8mb4_0900_ai_ci ROW_FORMAT=COMPACT COMMENT='课程';
/*!40101 SET character_set_client = @saved_cs_client */;

--
-- Dumping data for table `edu_course`
--

LOCK TABLES `edu_course` WRITE;
/*!40000 ALTER TABLE `edu_course` DISABLE KEYS */;
INSERT INTO `edu_course` VALUES ('1383045391817158658','1189426437876985857','1381438032619102209','1381438032585547777','机器学习基础',0.01,36,'https://zut-mooc.oss-cn-beijing.aliyuncs.com/20210416/c42450e1-d6e7-4375-9ed1-d2d058c6d5a7course6.jpeg',0,0,1,'Normal',0,'2021-04-16 21:11:32','2021-04-24 20:22:35',NULL,NULL),('1385808251953627138','1384425555226619906','1385806869875933185','1385806869838184449','高等数学',0.00,36,'https://zut-mooc.oss-cn-beijing.aliyuncs.com/20210424/b6242c91-b7d9-4759-b543-04018a21b09f高数.jpg',0,0,1,'Normal',0,'2021-04-24 12:10:09','2021-04-27 10:25:47',NULL,NULL),('1385836620766265345','1189426437876985857','1385806869737521154','1385806869582331905','编译原理',0.00,36,'https://zut-mooc.oss-cn-beijing.aliyuncs.com/20210424/a802b3f6-845c-487c-9883-55ece3479c77课程1.jpeg',0,0,1,'Normal',0,'2021-04-24 14:02:53','2021-04-30 19:12:32',NULL,NULL),('1385837330912264194','1381880292611506177','1385806869926264834','1385806869838184449','量子力学',0.00,24,'https://zut-mooc.oss-cn-beijing.aliyuncs.com/20210424/7224d2fc-4903-4c1a-a389-4d257a2c4235量子力学.jpeg',0,0,1,'Normal',0,'2021-04-24 14:05:42','2021-04-24 14:06:09',NULL,NULL),('1386934133611061250','1189426464967995393','1386933664406855681','1386933664331358210','测试',0.00,24,'https://zut-mooc.oss-cn-beijing.aliyuncs.com/20210427/2483fa98-c544-407f-bf10-489a25cc317bcourse5.jpeg',0,0,1,'Normal',1,'2021-04-27 14:44:00','2021-04-27 14:45:32',NULL,NULL),('1388097667316858882','','','','',0.00,0,'/static/cover.png',0,0,1,'Draft',1,'2021-04-30 19:47:28','2021-04-30 19:47:36',NULL,NULL),('15','1189389726308478977','1381424867378323457','1381424867420266498','HTML5入门课程学习',0.00,23,'https://zut-mooc.oss-cn-beijing.aliyuncs.com/20210416/80c86d99-9a2e-42ef-a90c-d17e18d42a97course-html.jpeg',0,51,17,'Normal',0,'2018-04-02 18:34:32','2021-04-16 20:16:33',NULL,NULL),('18','1189389726308478977','1381424867537707010','1381424867562872834','Java精品课程',0.00,20,'https://zut-mooc.oss-cn-beijing.aliyuncs.com/20210416/bd1f7d2f-aa11-4a8a-baed-c6981953c84bcourse1.jpeg',151,737,6,'Normal',0,'2018-04-02 21:28:46','2021-04-16 20:16:16',NULL,NULL);
/*!40000 ALTER TABLE `edu_course` ENABLE KEYS */;
UNLOCK TABLES;

--
-- Table structure for table `edu_course_collect`
--

DROP TABLE IF EXISTS `edu_course_collect`;
/*!40101 SET @saved_cs_client     = @@character_set_client */;
/*!50503 SET character_set_client = utf8mb4 */;
CREATE TABLE `edu_course_collect` (
  `id` char(19) NOT NULL COMMENT '收藏ID',
  `course_id` char(19) NOT NULL COMMENT '课程讲师ID',
  `member_id` char(19) NOT NULL DEFAULT '' COMMENT '课程专业ID',
  `is_deleted` tinyint NOT NULL DEFAULT '0' COMMENT '逻辑删除 1（true）已删除， 0（false）未删除',
  `gmt_create` datetime NOT NULL COMMENT '创建时间',
  `gmt_modified` datetime NOT NULL COMMENT '更新时间',
  PRIMARY KEY (`id`)
) ENGINE=InnoDB DEFAULT CHARSET=utf8mb4 COLLATE=utf8mb4_0900_ai_ci ROW_FORMAT=COMPACT COMMENT='课程收藏';
/*!40101 SET character_set_client = @saved_cs_client */;

--
-- Dumping data for table `edu_course_collect`
--

LOCK TABLES `edu_course_collect` WRITE;
/*!40000 ALTER TABLE `edu_course_collect` DISABLE KEYS */;
INSERT INTO `edu_course_collect` VALUES ('1196269345666019330','1192252213659774977','1',1,'2019-11-18 11:30:12','2019-11-18 11:30:12');
/*!40000 ALTER TABLE `edu_course_collect` ENABLE KEYS */;
UNLOCK TABLES;

--
-- Table structure for table `edu_course_description`
--

DROP TABLE IF EXISTS `edu_course_description`;
/*!40101 SET @saved_cs_client     = @@character_set_client */;
/*!50503 SET character_set_client = utf8mb4 */;
CREATE TABLE `edu_course_description` (
  `id` char(19) NOT NULL COMMENT '课程ID',
  `description` text COMMENT '课程简介',
  `gmt_create` datetime NOT NULL COMMENT '创建时间',
  `gmt_modified` datetime NOT NULL COMMENT '更新时间',
  PRIMARY KEY (`id`)
) ENGINE=InnoDB DEFAULT CHARSET=utf8mb4 COLLATE=utf8mb4_0900_ai_ci COMMENT='课程简介';
/*!40101 SET character_set_client = @saved_cs_client */;

--
-- Dumping data for table `edu_course_description`
--

LOCK TABLES `edu_course_description` WRITE;
/*!40000 ALTER TABLE `edu_course_description` DISABLE KEYS */;
INSERT INTO `edu_course_description` VALUES ('1104870479077879809','<p>11</p>','2019-03-11 06:23:44','2019-03-11 06:23:44'),('1381882461750325249','<p>深度神经网络<strong>很牛</strong></p>','2021-04-13 16:10:28','2021-04-13 16:10:28'),('1381936377754095618','','2021-04-13 19:44:42','2021-04-13 19:48:05'),('1381951561377837057','<p>11111</p>','2021-04-13 20:45:02','2021-04-13 21:59:59'),('1382573535040917505','<p>JavaWeb的基础课程</p>','2021-04-15 13:56:32','2021-04-15 13:56:32'),('1385808251953627138','<div class=\"para\">指相对于初等数学而言，数学的对象及方法较为繁杂的一部分。</div>\n<div class=\"para\">广义地说，<a href=\"https://baike.baidu.com/item/%E5%88%9D%E7%AD%89%E6%95%B0%E5%AD%A6/73082\" target=\"_blank\" rel=\"noopener\" data-lemmaid=\"73082\">初等数学</a>之外的数学都是高等数学，也有将中学较深入的<a href=\"https://baike.baidu.com/item/%E4%BB%A3%E6%95%B0/1434787\" target=\"_blank\" rel=\"noopener\" data-lemmaid=\"1434787\">代数</a>、<a href=\"https://baike.baidu.com/item/%E5%87%A0%E4%BD%95/303227\" target=\"_blank\" rel=\"noopener\" data-lemmaid=\"303227\">几何</a>以及简单的<a href=\"https://baike.baidu.com/item/%E9%9B%86%E5%90%88%E8%AE%BA/494533\" target=\"_blank\" rel=\"noopener\" data-lemmaid=\"494533\">集合论</a>初步、<a href=\"https://baike.baidu.com/item/%E9%80%BB%E8%BE%91/543\" target=\"_blank\" rel=\"noopener\" data-lemmaid=\"543\">逻辑</a>初步称为<a href=\"https://baike.baidu.com/item/%E4%B8%AD%E7%AD%89%E6%95%B0%E5%AD%A6/6480527\" target=\"_blank\" rel=\"noopener\" data-lemmaid=\"6480527\">中等数学</a>的，将其作为中小学阶段的初等数学与大学阶段的高等数学的过渡。</div>\n<div class=\"para\">通常认为，高等数学是由<a href=\"https://baike.baidu.com/item/%E5%BE%AE%E7%A7%AF%E5%88%86%E5%AD%A6/710552\" target=\"_blank\" rel=\"noopener\" data-lemmaid=\"710552\">微积分学</a>，较深入的<a href=\"https://baike.baidu.com/item/%E4%BB%A3%E6%95%B0\" target=\"_blank\" rel=\"noopener\">代数</a>学、<a href=\"https://baike.baidu.com/item/%E5%87%A0%E4%BD%95%E5%AD%A6/342546\" target=\"_blank\" rel=\"noopener\" data-lemmaid=\"342546\">几何学</a>以及它们之间的交叉内容所形成的一门基础学科。</div>\n<div class=\"para\">主要内容包括：<a href=\"https://baike.baidu.com/item/%E6%95%B0%E5%88%97/731531\" target=\"_blank\" rel=\"noopener\" data-lemmaid=\"731531\">数列</a>、<a href=\"https://baike.baidu.com/item/%E6%9E%81%E9%99%90/3564509\" target=\"_blank\" rel=\"noopener\" data-lemmaid=\"3564509\">极限</a>、<a href=\"https://baike.baidu.com/item/%E5%BE%AE%E7%A7%AF%E5%88%86/6065\" target=\"_blank\" rel=\"noopener\" data-lemmaid=\"6065\">微积分</a>、<a href=\"https://baike.baidu.com/item/%E7%A9%BA%E9%97%B4%E8%A7%A3%E6%9E%90%E5%87%A0%E4%BD%95\" target=\"_blank\" rel=\"noopener\">空间解析几何</a>与<a href=\"https://baike.baidu.com/item/%E7%BA%BF%E6%80%A7%E4%BB%A3%E6%95%B0/800\" target=\"_blank\" rel=\"noopener\" data-lemmaid=\"800\">线性代数</a>、<a href=\"https://baike.baidu.com/item/%E7%BA%A7%E6%95%B0/2381414\" target=\"_blank\" rel=\"noopener\" data-lemmaid=\"2381414\">级数</a>、<a href=\"https://baike.baidu.com/item/%E5%B8%B8%E5%BE%AE%E5%88%86%E6%96%B9%E7%A8%8B/818194\" target=\"_blank\" rel=\"noopener\" data-lemmaid=\"818194\">常微分方程</a>。</div>\n<div class=\"para\"><a href=\"https://baike.baidu.com/item/%E5%B7%A5%E7%A7%91/9824985\" target=\"_blank\" rel=\"noopener\" data-lemmaid=\"9824985\">工科</a>、<a href=\"https://baike.baidu.com/item/%E7%90%86%E7%A7%91/6532679\" target=\"_blank\" rel=\"noopener\" data-lemmaid=\"6532679\">理科</a>、<a href=\"https://baike.baidu.com/item/%E8%B4%A2%E7%BB%8F/2365\" target=\"_blank\" rel=\"noopener\" data-lemmaid=\"2365\">财经</a>类研究生考试的基础科目。</div>','2021-04-24 12:10:09','2021-04-27 10:25:47'),('1385836620766265345','<p>编译原理是<a href=\"https://baike.baidu.com/item/%E8%AE%A1%E7%AE%97%E6%9C%BA%E4%B8%93%E4%B8%9A/10586245\" target=\"_blank\" rel=\"noopener\" data-lemmaid=\"10586245\">计算机专业</a>的一门重要<a href=\"https://baike.baidu.com/item/%E4%B8%93%E4%B8%9A%E8%AF%BE/9734511\" target=\"_blank\" rel=\"noopener\" data-lemmaid=\"9734511\">专业课</a>，旨在介绍<a href=\"https://baike.baidu.com/item/%E7%BC%96%E8%AF%91%E7%A8%8B%E5%BA%8F/8290180\" target=\"_blank\" rel=\"noopener\" data-lemmaid=\"8290180\">编译程序</a>构造的一般原理和基本方法。内容包括语言和文法、词法分析、语法分析、<a href=\"https://baike.baidu.com/item/%E8%AF%AD%E6%B3%95%E5%88%B6%E5%AF%BC%E7%BF%BB%E8%AF%91/2665709\" target=\"_blank\" rel=\"noopener\" data-lemmaid=\"2665709\">语法制导翻译</a>、中间代码生成、<a href=\"https://baike.baidu.com/item/%E5%AD%98%E5%82%A8%E7%AE%A1%E7%90%86/9827115\" target=\"_blank\" rel=\"noopener\" data-lemmaid=\"9827115\">存储管理</a>、代码优化和目标代码生成。 编译原理是计算机专业设置的一门重要的专业课程。编译原理课程是计算机相关专业学生的<a href=\"https://baike.baidu.com/item/%E5%BF%85%E4%BF%AE%E8%AF%BE%E7%A8%8B/1257453\" target=\"_blank\" rel=\"noopener\" data-lemmaid=\"1257453\">必修课程</a>和高等学校培养计算机专业人才的基础及核心课程，同时也是计算机专业课程中最难及最挑战学习能力的课程之一。编译原理课程内容主要是原理性质，高度抽象<sup class=\"sup--normal\" data-sup=\"1\" data-ctrmap=\":1,\">&nbsp;[1]</sup><a class=\"sup-anchor\" name=\"ref_[1]_5127170\"></a>。</p>','2021-04-24 14:02:53','2021-04-30 19:12:32'),('1385837330912264194','<div class=\"lemma-summary\">\n<div class=\"para\">量子力学（Quantum Mechanics），为物理学理论，是研究物质世界微观粒子运动规律的物理学分支，主要研究原子、分子、凝聚态物质，以及原子核和基本粒子的结构、性质的基础理论。它与相对论一起构成现代物理学的理论基础。量子力学不仅是现代物理学的基础理论之一，而且在<a href=\"https://baike.baidu.com/item/%E5%8C%96%E5%AD%A6/127240\" target=\"_blank\" rel=\"noopener\" data-lemmaid=\"127240\">化学</a>等学科和许多近代技术中得到广泛应用。</div>\n<div class=\"para\">19世纪末，人们发现旧有的经典理论无法解释微观系统，于是经由物理学家的努力，在20世纪初创立量子力学，解释了这些现象。量子力学从根本上改变人类对物质结构及其相互作用的理解。除了广义相对论描写的引力以外，迄今所有基本相互作用均可以在量子力学的框架内描述（量子场论）。</div>\n</div>\n<div class=\"lemmaWgt-promotion-leadPVBtn\">&nbsp;</div>\n<div class=\"configModuleBanner\">&nbsp;</div>\n<div class=\"basic-info cmn-clearfix\">&nbsp;</div>','2021-04-24 14:05:42','2021-04-24 14:05:42'),('1385931301672017922','<div class=\"para\">机器学习是一门多领域交叉学科，涉及概率论、统计学、<a href=\"https://baike.baidu.com/item/%E9%80%BC%E8%BF%91%E8%AE%BA/967006\" target=\"_blank\" rel=\"noopener\" data-lemmaid=\"967006\">逼近论</a>、<a href=\"https://baike.baidu.com/item/%E5%87%B8%E5%88%86%E6%9E%90\" target=\"_blank\" rel=\"noopener\">凸分析</a>、<a href=\"https://baike.baidu.com/item/%E7%AE%97%E6%B3%95%E5%A4%8D%E6%9D%82%E5%BA%A6\" target=\"_blank\" rel=\"noopener\">算法复杂度</a>理论等多门学科。专门研究计算机怎样模拟或实现人类的<a href=\"https://baike.baidu.com/item/%E5%AD%A6%E4%B9%A0%E8%A1%8C%E4%B8%BA/5482132\" target=\"_blank\" rel=\"noopener\" data-lemmaid=\"5482132\">学习行为</a>，以获取新的知识或技能，重新组织已有的知识结构使之不断改善自身的性能。</div>\n<div class=\"para\">它是<a href=\"https://baike.baidu.com/item/%E4%BA%BA%E5%B7%A5%E6%99%BA%E8%83%BD/9180\" target=\"_blank\" rel=\"noopener\" data-lemmaid=\"9180\">人工智能</a>核心，是使计算机具有智能的根本途径。</div>','2021-04-24 20:19:06','2021-04-24 20:19:06'),('15','','2019-03-13 06:03:33','2021-04-16 20:16:30'),('18','<p>本套Java视频完全针对零基础学员，课堂实录，自发布以来，好评如潮！Java视频中注重与学生互动，讲授幽默诙谐、细致入微，覆盖Java基础所有核心知识点，同类Java视频中也是代码量大、案例多、实战性强的。同时，本Java视频教程注重技术原理剖析，深入JDK源码，辅以代码实战贯穿始终，用实践驱动理论，并辅以必要的代码练习。</p>\n<p>------------------------------------</p>\n<p>视频特点：</p>\n<p>通过学习本Java视频教程，大家能够真正将Java基础知识学以致用、活学活用，构架Java编程思想，牢牢掌握\"源码级\"的Javase核心技术，并为后续JavaWeb等技术的学习奠定扎实基础。<br /><br />1.通俗易懂，细致入微：每个知识点高屋建瓴，深入浅出，简洁明了的说明问题<br />2.具实战性：全程真正代码实战，涵盖上百个企业应用案例及练习<br />3.深入：源码分析，更有 Java 反射、动态代理的实际应用等<br />4.登录尚硅谷官网，技术讲师免费在线答疑</p>','2019-03-06 18:06:36','2021-04-16 20:16:12');
/*!40000 ALTER TABLE `edu_course_description` ENABLE KEYS */;
UNLOCK TABLES;

--
-- Table structure for table `edu_subject`
--

DROP TABLE IF EXISTS `edu_subject`;
/*!40101 SET @saved_cs_client     = @@character_set_client */;
/*!50503 SET character_set_client = utf8mb4 */;
CREATE TABLE `edu_subject` (
  `id` char(19) NOT NULL COMMENT '课程类别ID',
  `title` varchar(10) NOT NULL COMMENT '类别名称',
  `parent_id` char(19) NOT NULL DEFAULT '0' COMMENT '父ID',
  `sort` int unsigned NOT NULL DEFAULT '0' COMMENT '排序字段',
  `gmt_create` datetime NOT NULL COMMENT '创建时间',
  `gmt_modified` datetime NOT NULL COMMENT '更新时间',
  PRIMARY KEY (`id`),
  KEY `idx_parent_id` (`parent_id`)
) ENGINE=InnoDB DEFAULT CHARSET=utf8mb4 COLLATE=utf8mb4_0900_ai_ci ROW_FORMAT=COMPACT COMMENT='课程科目';
/*!40101 SET character_set_client = @saved_cs_client */;

--
-- Dumping data for table `edu_subject`
--

LOCK TABLES `edu_subject` WRITE;
/*!40000 ALTER TABLE `edu_subject` DISABLE KEYS */;
INSERT INTO `edu_subject` VALUES ('1381424867378323457','前端开发','0',0,'2021-04-12 09:52:09','2021-04-12 09:52:09'),('1381424867420266498','Vue','1381424867378323457',0,'2021-04-12 09:52:09','2021-04-12 09:52:09'),('1381424867470598146','BootStrap','1381424867378323457',0,'2021-04-12 09:52:09','2021-04-12 09:52:09'),('1381424867512541185','JavaScript','1381424867378323457',0,'2021-04-12 09:52:09','2021-04-12 09:52:09'),('1381424867537707010','后端开发','0',0,'2021-04-12 09:52:09','2021-04-12 09:52:09'),('1381424867562872834','Java初级','1381424867537707010',0,'2021-04-12 09:52:09','2021-04-12 09:52:09'),('1381424867604815874','Java高级','1381424867537707010',0,'2021-04-12 09:52:09','2021-04-12 09:52:09'),('1381424867629981698','数据库技术','0',0,'2021-04-12 09:52:09','2021-04-12 09:52:09'),('1381424867655147521','MySql应用','1381424867629981698',0,'2021-04-12 09:52:09','2021-04-12 09:52:09'),('1381438032585547777','人工智能','0',0,'2021-04-12 10:44:28','2021-04-12 10:44:28'),('1381438032619102209','机器学习','1381438032585547777',0,'2021-04-12 10:44:28','2021-04-12 10:44:28'),('1381559982414671873','深度学习','1381438032585547777',0,'2021-04-12 18:49:03','2021-04-12 18:49:03'),('1385806869582331905','信息技术','0',0,'2021-04-24 12:04:39','2021-04-24 12:04:39'),('1385806869670412289','人工智能','1385806869582331905',0,'2021-04-24 12:04:39','2021-04-24 12:04:39'),('1385806869737521154','计算机基础','1385806869582331905',0,'2021-04-24 12:04:39','2021-04-24 12:04:39'),('1385806869800435713','编程语言','1385806869582331905',0,'2021-04-24 12:04:39','2021-04-24 12:04:39'),('1385806869838184449','理工基础课程','0',0,'2021-04-24 12:04:39','2021-04-24 12:04:39'),('1385806869875933185','数学','1385806869838184449',0,'2021-04-24 12:04:39','2021-04-24 12:04:39'),('1385806869926264834','物理','1385806869838184449',0,'2021-04-24 12:04:39','2021-04-24 12:04:39'),('1386933664331358210','测试','0',0,'2021-04-27 14:42:08','2021-04-27 14:42:08'),('1386933664406855681','测试1','1386933664331358210',0,'2021-04-27 14:42:08','2021-04-27 14:42:08');
/*!40000 ALTER TABLE `edu_subject` ENABLE KEYS */;
UNLOCK TABLES;

--
-- Table structure for table `edu_teacher`
--

DROP TABLE IF EXISTS `edu_teacher`;
/*!40101 SET @saved_cs_client     = @@character_set_client */;
/*!50503 SET character_set_client = utf8mb4 */;
CREATE TABLE `edu_teacher` (
  `id` char(19) NOT NULL COMMENT '讲师ID',
  `name` varchar(20) NOT NULL COMMENT '讲师姓名',
  `intro` varchar(500) NOT NULL DEFAULT '' COMMENT '讲师简介',
  `career` varchar(500) DEFAULT NULL COMMENT '讲师资历,一句话说明讲师',
  `level` int unsigned NOT NULL COMMENT '头衔 1高级讲师 2首席讲师',
  `avatar` varchar(255) DEFAULT NULL COMMENT '讲师头像',
  `sort` int unsigned NOT NULL DEFAULT '0' COMMENT '排序',
  `is_deleted` tinyint unsigned NOT NULL DEFAULT '0' COMMENT '逻辑删除 1（true）已删除， 0（false）未删除',
  `gmt_create` datetime NOT NULL COMMENT '创建时间',
  `gmt_modified` datetime NOT NULL COMMENT '更新时间',
  PRIMARY KEY (`id`),
  UNIQUE KEY `uk_name` (`name`)
) ENGINE=InnoDB DEFAULT CHARSET=utf8mb4 COLLATE=utf8mb4_0900_ai_ci COMMENT='讲师';
/*!40101 SET character_set_client = @saved_cs_client */;

--
-- Dumping data for table `edu_teacher`
--

LOCK TABLES `edu_teacher` WRITE;
/*!40000 ALTER TABLE `edu_teacher` DISABLE KEYS */;
INSERT INTO `edu_teacher` VALUES ('1','王刚','近年主持国家自然科学基金（6项）、江苏省重大科技成果转化项目（5项）、江苏省产学研前瞻性联合研究项目（3项）、省工业科技支撑、省高技术、省自然科学基金等省部级及其企业的主要科研项目40多个，多个项目在企业成功转化，产生了较好的经济、社会和环境效益。积极开展产学研科技合作，并与省内16家企业建立了江苏省研究生工作站，其中6家为江苏省优秀研究生工作站','高级',2,'https://guli-file-190513.oss-cn-beijing.aliyuncs.com/avatar/default.jpg',0,0,'2019-10-30 14:18:46','2021-04-23 20:23:35'),('1189389726308478977','李明','高占春，1967年出生，北京邮电大学计算机学院计算机网络研究中心教授、硕士生导师，主要从事计算机网络的科研和教学工作。作为项目主研人参加的国家和省部级项目有：“八五”攻关项目《军用数据网传真入网设备》、“九五”攻关项目《军用数据网后处理设备》和《军用数据网传真入网分系统》，ATN路由器等。','北京邮电大学计算机学院教授',2,'https://zut-mooc.oss-cn-beijing.aliyuncs.com/20210423/47b5912b-c96e-41cd-ad0d-7a102538a5dbfile.png',1,0,'2019-10-30 11:53:03','2021-04-23 20:24:09'),('1189390295668469762','李刚','高级讲师简介','高级讲师',2,'https://online-teach-file.oss-cn-beijing.aliyuncs.com/teacher/2019/10/30/b8aa36a2-db50-4eca-a6e3-cc6e608355e0.png',2,0,'2019-10-30 11:55:19','2019-11-12 13:37:52'),('1189426437876985857','李飞飞','李飞飞，女，1976年出生于中国北京，美国国家工程院院士，美国国家医学院院士，美国斯坦福大学首位红杉讲席教授 [9]  ，以人为本人工智能研究院（HAI）院长，AI4ALL联合创始人及主席，Twitter公司董事会独立董事','美国国家工程院院士、斯坦福大学教授',1,'https://zut-mooc.oss-cn-beijing.aliyuncs.com/20210416/c9c14121-82f7-460e-a03c-51a0ea0a2c11file.png',0,0,'2019-10-30 14:18:56','2021-04-23 20:23:18'),('1189426464967995393','吴志健','吴志健 博士，武汉大学计算机学院教授，博士生导师。软件工程国家重点实验室副主任，中共党员。1983年于江西大学(现南昌大学)数学系获理学学士学位，1988年于武汉大学数学系获理学硕士学位，2004年于武汉大学计算机学院获工学博士学位。1988年至今在武汉大学软件工程国家重点实验室从事科研工作，主持或参与国家自然科学基金、“863”计划等各类科研项目20余项，发表论文70余篇。多次赴美国、澳大利亚、加拿大、香港访问研究','武汉大学计算机学院教授',1,'https://zut-mooc.oss-cn-beijing.aliyuncs.com/20210416/2967a9e2-25ac-4a97-a77b-f9fca3d2ef55file.png',0,0,'2019-10-30 14:19:02','2021-04-23 20:22:41'),('1192249914833055746','李仲荣','李仲荣，1931年出生，辽宁省辽阳县人，计算机科学家、教授。','计算机科学家、教授',1,'https://zut-mooc.oss-cn-beijing.aliyuncs.com/20210423/3a92ccce-2d56-4905-b36e-e9414ffbb506file.png',0,0,'2019-11-07 09:18:25','2021-04-23 20:22:16'),('1381165080627933185','陈元刚 ','陈元刚，男，1968年生，四川人，经济学教授，硕士研究生导师，社会保障系主任。现为“重庆市高校中青年骨干教师”，重庆市巴南区学术和技术带头人，重庆市《资本论》与社会主义市场经济研究会常务理事，西南马克思主义经济学论坛学术委员。 2006年9月-2007年9月在中国人民大学参加“高等学校青年骨干教师国内访问学者”项目。','经济学教授',1,'https://zut-mooc.oss-cn-beijing.aliyuncs.com/20210423/992e5141-2fbd-415a-8774-09ceeb812dd9file.png',3,0,'2021-04-11 16:39:51','2021-04-23 20:21:36'),('1381880292611506177','沈君山 ','沈君山（1932年8月29日-2018年9月12日），浙江余姚人，家世显赫，台湾大学物理系学士，美国马里兰大学物理博士，曾任职于普林斯顿大学，美国太空总署太空研究所及普度大学。 1973 年回台湾后，担任清华大学物理系教授兼理学院院长，后曾担任行院政务委员，并于1993 年当选第一届民选校长。\n','物理学教授',1,'https://zut-mooc.oss-cn-beijing.aliyuncs.com/20210423/abc62916-d6c8-4f72-a582-37902bc1421ffile.png',6,0,'2021-04-13 16:01:51','2021-04-23 20:20:26'),('1384425555226619906','刘淑梅','男，生于1958年7月，北京大学数学科学学院教授、中国科学院院士。现任北京国际数学研究中心副主任、数学及其应用教育部重点实验室主任、北京数学会理事长。现为Asia-European J.Math和《数学学报》副主编，Communications in Algebra等5种重要期刊编委。主要从事代数学研究。在80年代早期对有限单群分类中心有突出贡献，且在世界上第一个给出了亏零P-块的充要条件。随后在当代模表示论的研究中作出多项重要贡献，对著名Puig猜想的研究为该理论的进一步发展开辟了道路，创立和系统发展了群的算术理论，进而解决了Huppert猜想和共轭类长猜想等长期未解决的难题，并在Zeta-函数和黎曼流形上的Laplace-Beltrami算子等研究领域得到应用。把代数K-理论应用到模表示论的研究中。','北大数学系教授、中国科学院院士',1,'https://zut-mooc.oss-cn-beijing.aliyuncs.com/20210420/afde005f-8596-4c51-acf0-988b8111ba41file.png',1,0,'2021-04-20 16:35:48','2021-04-24 11:59:18'),('1386933131734441985','测试','22','111',1,'https://zut-mooc.oss-cn-beijing.aliyuncs.com/20210427/cc1d2538-86d1-4451-a63c-b2ab507f4e84file.png',1,1,'2021-04-27 14:40:01','2021-04-27 14:40:15'),('string','string','string','string',0,'string',0,1,'2021-06-02 13:08:05','2021-06-02 13:08:05');
/*!40000 ALTER TABLE `edu_teacher` ENABLE KEYS */;
UNLOCK TABLES;

--
-- Table structure for table `edu_video`
--

DROP TABLE IF EXISTS `edu_video`;
/*!40101 SET @saved_cs_client     = @@character_set_client */;
/*!50503 SET character_set_client = utf8mb4 */;
CREATE TABLE `edu_video` (
  `id` char(19) NOT NULL COMMENT '视频ID',
  `course_id` char(19) NOT NULL COMMENT '课程ID',
  `chapter_id` char(19) NOT NULL COMMENT '章节ID',
  `title` varchar(50) NOT NULL COMMENT '节点名称',
  `video_source_id` varchar(100) DEFAULT NULL COMMENT '云端视频资源',
  `video_original_name` varchar(100) DEFAULT NULL COMMENT '原始文件名称',
  `sort` int unsigned NOT NULL DEFAULT '0' COMMENT '排序字段',
  `play_count` bigint unsigned NOT NULL DEFAULT '0' COMMENT '播放次数',
  `is_free` tinyint unsigned NOT NULL DEFAULT '0' COMMENT '是否可以试听：0收费 1免费',
  `duration` float NOT NULL DEFAULT '0' COMMENT '视频时长（秒）',
  `status` varchar(20) NOT NULL DEFAULT 'Empty' COMMENT 'Empty未上传 Transcoding转码中  Normal正常',
  `size` bigint unsigned NOT NULL DEFAULT '0' COMMENT '视频源文件大小（字节）',
  `version` bigint unsigned NOT NULL DEFAULT '1' COMMENT '乐观锁',
  `gmt_create` datetime NOT NULL COMMENT '创建时间',
  `gmt_modified` datetime NOT NULL COMMENT '更新时间',
  PRIMARY KEY (`id`),
  KEY `idx_course_id` (`course_id`),
  KEY `idx_chapter_id` (`chapter_id`)
) ENGINE=InnoDB DEFAULT CHARSET=utf8mb4 COLLATE=utf8mb4_0900_ai_ci ROW_FORMAT=COMPACT COMMENT='课程视频';
/*!40101 SET character_set_client = @saved_cs_client */;

--
-- Dumping data for table `edu_video`
--

LOCK TABLES `edu_video` WRITE;
/*!40000 ALTER TABLE `edu_video` DISABLE KEYS */;
INSERT INTO `edu_video` VALUES ('1182499307429339137','18','32','第一节','','',0,0,0,0,'',0,1,'2019-10-11 11:32:59','2019-10-11 11:57:38'),('1189434737808990210','18','44','测试','','',1,0,0,0,'Empty',0,1,'2019-10-30 14:51:55','2019-10-30 14:51:55'),('1189471423678939138','18','1181729226915577857','test','2b887dc9584d4dc68908780ec57cd3b9','视频',1,0,0,0,'Empty',0,1,'2019-10-30 17:17:41','2019-10-30 17:17:41'),('1381973404176887810','1381951561377837057','1381963325188395010','第一节','',NULL,0,0,0,0,'Empty',0,1,'2021-04-13 22:11:50','2021-04-13 22:11:50'),('1382573588203720706','1382573535040917505','1382573563285360641','第一节','','',0,0,0,0,'Empty',0,1,'2021-04-15 13:56:45','2021-04-15 13:56:45'),('1385835835223457794','1385808251953627138','1385835799072751617','第一节','a7324a7d6834496cba967d6bb37157a3','第一节',1,0,0,0,'Empty',0,1,'2021-04-24 13:59:45','2021-04-24 13:59:45'),('1385836678777683970','1385836620766265345','1385836650684235777','第一节',NULL,NULL,1,0,0,0,'Empty',0,1,'2021-04-24 14:03:06','2021-04-24 14:03:06'),('1385836709115084802','1385836620766265345','1385836650684235777','第二节',NULL,NULL,1,0,0,0,'Empty',0,1,'2021-04-24 14:03:14','2021-04-24 14:03:14'),('1385836760151375874','1385836620766265345','1385836737359527937','第一节',NULL,NULL,1,0,0,0,'Empty',0,1,'2021-04-24 14:03:26','2021-04-24 14:03:26'),('1385837400537710593','1385837330912264194','1385837371953528834','第一节','54fa7e4c82094d239b44b6b02eef26ad','第一节',1,0,0,0,'Empty',0,1,'2021-04-24 14:05:59','2021-04-24 14:05:59'),('1385837429201584129','1385837330912264194','1385837371953528834','第二节','754872faf40c46c1bcbac208d13eb248',NULL,1,0,0,0,'Empty',0,1,'2021-04-24 14:06:05','2021-04-24 14:06:05'),('1385931516084838401','1385931301672017922','1385931330772099074','第一节','757f24c34bd14f5b849a6b77e8be58d6','6 - What If I Want to Move Faster.mp4',1,0,0,0,'Empty',0,1,'2021-04-24 20:19:57','2021-04-24 20:19:57'),('1385932163962200065','1383045391817158658','1385931940074446850','第一节 什么是机器学习？','9321b57930d04552abe79cdfadcefa8f','6 - What If I Want to Move Faster.mp4',1,0,0,0,'Empty',0,1,'2021-04-24 20:22:32','2021-04-24 20:22:32'),('1385943318613024769','1385808251953627138','1385808280458117121','极限的定义',NULL,'01_NEW.rm',1,0,0,0,'Empty',0,1,'2021-04-24 21:06:51','2021-04-24 21:06:51'),('17','18','15','第一节：Java简介','196116a6fee742e1ba9f6c18f65bd8c1','1',1,1000,1,100,'Draft',0,1,'2019-01-01 13:08:57','2019-10-11 11:26:39'),('18','18','15','第二节：表达式和赋值语句','2d99b08ca0214909899910c9ba042d47','7 - How Do I Find Time for My ',2,999,1,100,'Draft',0,1,'2019-01-01 13:09:02','2019-03-08 03:30:27'),('19','18','15','第三节：String类','51120d59ddfd424cb5ab08b44fc8b23a','eae2b847ef8503b81f5d5593d769dde2.mp4',3,888,0,100,'Draft',0,1,'2019-01-01 13:09:05','2019-11-12 12:50:45'),('20','18','15','第四节：程序风格','2a38988892d84df598752226c50f3fa3','00-day10总结.avi',4,666,0,100,'Draft',0,1,'2019-01-01 13:09:05','2019-10-11 09:20:09');
/*!40000 ALTER TABLE `edu_video` ENABLE KEYS */;
UNLOCK TABLES;

--
-- Table structure for table `rcm_like`
--

DROP TABLE IF EXISTS `rcm_like`;
/*!40101 SET @saved_cs_client     = @@character_set_client */;
/*!50503 SET character_set_client = utf8mb4 */;
CREATE TABLE `rcm_like` (
  `like_id` char(19) NOT NULL COMMENT '当前喜欢行为的id（喜欢行为：用户观看课程说明喜欢该课程）',
  `member_id` varchar(45) NOT NULL COMMENT '发起的喜欢的用户id',
  `course_id` varchar(45) NOT NULL COMMENT '用户喜欢的课程id',
  `is_deleted` tinyint NOT NULL DEFAULT '0' COMMENT '逻辑删除 1（true）已删除， 0（false）未删除',
  `gmt_create` datetime NOT NULL COMMENT '创建时间',
  `gmt_modified` datetime NOT NULL COMMENT '更新时间',
  PRIMARY KEY (`like_id`)
) ENGINE=InnoDB DEFAULT CHARSET=utf8;
/*!40101 SET character_set_client = @saved_cs_client */;

--
-- Dumping data for table `rcm_like`
--

LOCK TABLES `rcm_like` WRITE;
/*!40000 ALTER TABLE `rcm_like` DISABLE KEYS */;
/*!40000 ALTER TABLE `rcm_like` ENABLE KEYS */;
UNLOCK TABLES;

--
-- Table structure for table `statistics_daily`
--

DROP TABLE IF EXISTS `statistics_daily`;
/*!40101 SET @saved_cs_client     = @@character_set_client */;
/*!50503 SET character_set_client = utf8mb4 */;
CREATE TABLE `statistics_daily` (
  `id` char(19) NOT NULL COMMENT '主键',
  `date_calculated` varchar(20) NOT NULL COMMENT '统计日期',
  `register_num` int NOT NULL DEFAULT '0' COMMENT '注册人数',
  `login_num` int NOT NULL DEFAULT '0' COMMENT '登录人数',
  `video_view_num` int NOT NULL DEFAULT '0' COMMENT '每日播放视频数',
  `course_num` int NOT NULL DEFAULT '0' COMMENT '每日新增课程数',
  `gmt_create` datetime NOT NULL COMMENT '创建时间',
  `gmt_modified` datetime NOT NULL COMMENT '更新时间',
  PRIMARY KEY (`id`),
  KEY `statistics_day` (`date_calculated`)
) ENGINE=InnoDB DEFAULT CHARSET=utf8 COMMENT='网站统计日数据';
/*!40101 SET character_set_client = @saved_cs_client */;

--
-- Dumping data for table `statistics_daily`
--

LOCK TABLES `statistics_daily` WRITE;
/*!40000 ALTER TABLE `statistics_daily` DISABLE KEYS */;
INSERT INTO `statistics_daily` VALUES ('1078490017163833345','2018-12-28',0,0,154,170,'2018-12-28 11:17:12','2019-09-09 12:12:12'),('1087142127818768386','2019-01-02',2,0,167,177,'2019-01-21 08:17:36','2019-09-09 12:12:12'),('1087198321809457153','2019-01-01',1,0,130,189,'2019-01-21 12:00:54','2019-09-09 12:12:12'),('1087198383973236738','2019-01-03',0,0,114,130,'2019-01-21 12:01:09','2019-09-09 12:12:12'),('1087451681764982785','2019-01-04',0,0,118,155,'2019-01-22 04:47:39','2019-09-09 12:12:12'),('1087455336471785473','2019-01-05',0,0,184,186,'2019-01-22 05:02:11','2019-09-09 12:12:12'),('1105339962460491777','2019-03-01',0,143,168,136,'2019-03-12 13:29:18','2019-03-12 13:29:18'),('1105339977027309569','2019-03-02',0,165,171,158,'2019-03-12 13:29:21','2019-03-12 13:29:21'),('1105339990738489346','2019-03-03',0,143,147,194,'2019-03-12 13:29:25','2019-03-12 13:29:25'),('1105340000544772098','2019-03-04',0,155,106,153,'2019-03-12 13:29:27','2019-03-12 13:29:27'),('1105340011244441602','2019-03-05',0,186,102,155,'2019-03-12 13:29:30','2019-03-12 13:29:30'),('1105340020929089538','2019-03-06',0,140,192,129,'2019-03-12 13:29:32','2019-03-12 13:29:32'),('1105340029800042497','2019-03-07',0,186,139,116,'2019-03-12 13:29:34','2019-03-12 13:29:34'),('1105340038696161282','2019-03-08',0,120,166,112,'2019-03-12 13:29:36','2019-03-12 13:29:36'),('1105340049441968129','2019-03-09',0,182,147,119,'2019-03-12 13:29:39','2019-03-12 13:29:39'),('1105340059738984449','2019-03-10',0,199,141,103,'2019-03-12 13:29:41','2019-03-12 13:29:41'),('1105340070438653953','2019-03-11',0,127,137,156,'2019-03-12 13:29:44','2019-03-12 13:29:44'),('1105340080307851266','2019-03-12',0,167,123,132,'2019-03-12 13:29:46','2019-03-12 13:29:46'),('1105340090047025153','2019-03-13',0,106,132,103,'2019-03-12 13:29:48','2019-03-12 13:29:48'),('1105340100075606017','2019-03-14',0,166,180,118,'2019-03-12 13:29:51','2019-03-12 13:29:51'),('1105340110511034370','2019-03-15',0,114,151,185,'2019-03-12 13:29:53','2019-03-12 13:29:53'),('1105340121412030466','2019-03-16',0,134,105,126,'2019-03-12 13:29:56','2019-03-12 13:29:56'),('1105340132833120258','2019-03-17',0,169,106,131,'2019-03-12 13:29:59','2019-03-12 13:29:59'),('1105340145659301890','2019-03-18',0,120,106,163,'2019-03-12 13:30:02','2019-03-12 13:30:02'),('1105340153578147842','2019-03-19',0,146,155,153,'2019-03-12 13:30:03','2019-03-12 13:30:03'),('1105340162436517890','2019-03-20',0,127,181,186,'2019-03-12 13:30:06','2019-03-12 13:30:06'),('1105340171517186050','2019-03-21',0,106,134,145,'2019-03-12 13:30:08','2019-03-12 13:30:08'),('1105340181034061825','2019-03-22',0,161,182,143,'2019-03-12 13:30:10','2019-03-12 13:30:10'),('1105340190072786946','2019-03-23',0,183,101,182,'2019-03-12 13:30:12','2019-03-12 13:30:12'),('1105340199426084865','2019-03-24',0,117,100,102,'2019-03-12 13:30:14','2019-03-12 13:30:14'),('1105340209261727745','2019-03-25',0,116,103,160,'2019-03-12 13:30:17','2019-03-12 13:30:17'),('1105340217935548418','2019-03-26',0,101,119,150,'2019-03-12 13:30:19','2019-03-12 13:30:19'),('1105340225967640577','2019-03-27',0,129,141,181,'2019-03-12 13:30:21','2019-03-12 13:30:21'),('1105340234075230209','2019-03-28',0,113,179,158,'2019-03-12 13:30:23','2019-03-12 13:30:23'),('1105340242837131265','2019-03-29',0,117,131,101,'2019-03-12 13:30:25','2019-03-12 13:30:25'),('1105340252395950082','2019-03-30',0,153,187,174,'2019-03-12 13:30:27','2019-03-12 13:30:27'),('1105340261958963201','2019-03-31',0,179,135,199,'2019-03-12 13:30:29','2019-03-12 13:30:29'),('1105372743634898945','2019-01-06',0,113,143,148,'2019-03-12 15:39:34','2019-03-12 15:39:34'),('1105372754380705793','2019-01-07',0,173,158,153,'2019-03-12 15:39:36','2019-03-12 15:39:36'),('1105372762526044162','2019-01-08',0,135,199,131,'2019-03-12 15:39:38','2019-03-12 15:39:38'),('1105372771229224961','2019-01-09',0,161,107,162,'2019-03-12 15:39:40','2019-03-12 15:39:40'),('1105372780922261505','2019-01-10',0,182,196,135,'2019-03-12 15:39:42','2019-03-12 15:39:42'),('1105372790103592961','2019-01-11',0,123,194,102,'2019-03-12 15:39:45','2019-03-12 15:39:45'),('1105372798626418689','2019-01-12',0,185,106,180,'2019-03-12 15:39:47','2019-03-12 15:39:47'),('1165','2018-01-01',583,26,236,14,'2018-01-25 06:38:19','2019-09-09 12:12:12'),('1166','2018-01-02',583,26,236,14,'2018-01-25 06:38:19','2019-09-09 12:12:12'),('1167','2018-01-03',584,26,236,14,'2018-01-25 06:38:19','2019-09-09 12:12:12'),('1168','2018-01-04',584,26,237,14,'2018-01-25 06:38:19','2019-09-09 12:12:12'),('1169','2018-01-05',585,26,237,14,'2018-01-25 06:38:19','2019-09-09 12:12:12'),('1170','2018-01-06',585,26,237,14,'2018-01-25 06:38:19','2019-09-09 12:12:12'),('1171','2018-01-07',586,26,237,14,'2018-01-25 06:38:19','2019-09-09 12:12:12'),('1172','2018-01-08',586,26,237,14,'2018-01-25 06:38:19','2019-09-09 12:12:12'),('1173','2018-01-09',587,26,238,14,'2018-01-25 06:38:19','2019-09-09 12:12:12'),('1174','2018-01-10',587,26,238,14,'2018-01-25 06:38:19','2019-09-09 12:12:12'),('1175','2018-01-11',588,27,238,14,'2018-01-25 06:38:19','2019-09-09 12:12:12'),('1176','2018-01-12',588,27,238,14,'2018-01-25 06:38:19','2019-09-09 12:12:12'),('1177','2018-01-13',589,27,238,14,'2018-01-25 06:38:19','2019-09-09 12:12:12'),('1178','2018-01-14',589,27,239,14,'2018-01-25 06:38:19','2019-09-09 12:12:12'),('1179','2018-01-15',590,27,239,14,'2018-01-25 06:38:19','2019-09-09 12:12:12'),('1180','2018-01-16',590,27,239,14,'2018-01-25 06:38:19','2019-09-09 12:12:12'),('1181','2018-01-17',591,27,239,14,'2018-01-25 06:38:19','2019-09-09 12:12:12'),('1182','2018-01-18',591,27,239,14,'2018-01-25 06:38:19','2019-09-09 12:12:12'),('1183','2018-01-19',592,27,240,14,'2018-01-25 06:38:19','2019-09-09 12:12:12'),('1183991737299263490','2019-10-01',0,145,149,153,'2019-10-15 14:23:22','2019-10-15 14:23:22'),('1183999299272904705','2019-10-03',0,125,102,153,'2019-10-15 14:53:25','2019-10-15 14:53:25'),('1183999309477646338','2019-10-04',0,103,194,161,'2019-10-15 14:53:28','2019-10-15 14:53:28'),('1183999318919024642','2019-10-05',0,173,174,147,'2019-10-15 14:53:30','2019-10-15 14:53:30'),('1183999331409661954','2019-10-06',0,129,197,173,'2019-10-15 14:53:33','2019-10-15 14:53:33'),('1183999342897860610','2019-10-07',0,184,125,169,'2019-10-15 14:53:36','2019-10-15 14:53:36'),('1183999351588458498','2019-10-08',0,173,143,138,'2019-10-15 14:53:38','2019-10-15 14:53:38'),('1183999360316805122','2019-10-09',0,161,158,117,'2019-10-15 14:53:40','2019-10-15 14:53:40'),('1183999367480676353','2019-10-10',0,190,166,135,'2019-10-15 14:53:42','2019-10-15 14:53:42'),('1184','2018-01-20',592,27,240,14,'2018-01-25 06:38:19','2019-09-09 12:12:12'),('1184030117693284353','2019-10-11',0,182,199,193,'2019-10-15 16:55:53','2019-10-15 16:55:53'),('1185','2018-01-21',593,27,240,14,'2018-01-25 06:38:19','2019-09-09 12:12:12'),('1185373213064482818','2019-01-19',6,135,126,167,'2019-10-19 09:52:52','2019-10-19 09:52:52'),('1186','2018-01-22',593,27,240,14,'2018-01-25 06:38:19','2019-09-09 12:12:12'),('1186536619937435650','2019-10-02',0,187,183,108,'2019-10-22 14:55:50','2019-10-22 14:55:50'),('1187','2018-01-23',594,27,240,14,'2018-01-25 06:38:19','2019-09-09 12:12:12'),('1188','2018-01-24',594,27,241,14,'2018-01-25 06:38:19','2019-09-09 12:12:12'),('1189','2018-01-25',595,27,241,14,'2018-01-25 06:38:19','2019-09-09 12:12:12'),('1190','2018-01-26',595,27,241,14,'2018-01-25 06:38:19','2019-09-09 12:12:12'),('1191','2018-01-27',596,27,241,14,'2018-01-25 06:38:19','2019-09-09 12:12:12'),('1192','2018-01-28',596,27,241,14,'2018-01-25 06:38:19','2019-09-09 12:12:12'),('1192253597226455042','2019-11-01',0,129,122,167,'2019-11-07 09:33:03','2019-11-07 09:33:03'),('1192253902756335617','2019-11-02',0,170,192,192,'2019-11-07 09:34:16','2019-11-07 09:34:16'),('1193','2018-01-29',597,27,242,14,'2018-01-25 06:38:19','2019-09-09 12:12:12'),('1194','2018-01-30',597,27,242,14,'2018-01-25 06:38:19','2019-09-09 12:12:12'),('1194060032935493633','2019-11-11',0,121,121,122,'2019-11-12 09:11:11','2019-11-12 09:11:11'),('1194060301425475585','2019-11-10',0,155,187,140,'2019-11-12 09:12:15','2019-11-12 09:12:15'),('1195','2018-01-31',598,27,242,14,'2018-01-25 06:38:19','2019-09-09 12:12:12'),('1196','2018-02-01',598,27,242,14,'2018-01-25 06:38:19','2019-09-09 12:12:12'),('1197','2018-02-02',599,27,242,14,'2018-01-25 06:38:19','2019-09-09 12:12:12'),('1198','2018-02-03',599,27,243,14,'2018-01-25 06:38:19','2019-09-09 12:12:12'),('1199','2018-02-04',600,27,243,14,'2018-01-25 06:38:19','2019-09-09 12:12:12'),('1200','2018-02-05',600,27,243,14,'2018-01-25 06:38:19','2019-09-09 12:12:12'),('1201','2018-02-06',601,27,243,14,'2018-01-25 06:38:19','2019-09-09 12:12:12'),('1202','2018-02-07',601,27,243,14,'2018-01-25 06:38:19','2019-09-09 12:12:12'),('1203','2018-02-08',602,27,244,14,'2018-01-25 06:38:19','2019-09-09 12:12:12'),('1204','2018-02-09',602,27,244,14,'2018-01-25 06:38:19','2019-09-09 12:12:12'),('1205','2018-02-10',603,27,244,14,'2018-01-25 06:38:19','2019-09-09 12:12:12'),('1206','2018-02-11',603,27,244,14,'2018-01-25 06:38:19','2019-09-09 12:12:12'),('1207','2018-02-12',604,27,244,14,'2018-01-25 06:38:19','2019-09-09 12:12:12'),('1208','2018-02-13',604,27,245,14,'2018-01-25 06:38:19','2019-09-09 12:12:12'),('1209','2018-02-14',605,27,245,14,'2018-01-25 06:38:19','2019-09-09 12:12:12'),('1210','2018-02-15',605,27,245,14,'2018-01-25 06:38:19','2019-09-09 12:12:12'),('1211','2018-02-16',606,27,245,14,'2018-01-25 06:38:19','2019-09-09 12:12:12'),('1212','2018-02-17',606,27,245,14,'2018-01-25 06:38:19','2019-09-09 12:12:12'),('1213','2018-02-18',607,27,246,14,'2018-01-25 06:38:19','2019-09-09 12:12:12'),('1214','2018-02-19',607,27,246,14,'2018-01-25 06:38:19','2019-09-09 12:12:12'),('1215','2018-02-20',608,27,246,14,'2018-01-25 06:38:19','2019-09-09 12:12:12'),('1216','2018-02-21',608,27,246,14,'2018-01-25 06:38:19','2019-09-09 12:12:12'),('1217','2018-02-22',609,27,246,14,'2018-01-25 06:38:19','2019-09-09 12:12:12'),('1218','2018-02-23',609,27,247,14,'2018-01-25 06:38:19','2019-09-09 12:12:12'),('1219','2018-02-24',610,27,247,14,'2018-01-25 06:38:19','2019-09-09 12:12:12'),('1220','2018-02-25',610,27,247,14,'2018-01-25 06:38:19','2019-09-09 12:12:12'),('1221','2018-02-26',611,27,247,14,'2018-01-25 06:38:19','2019-09-09 12:12:12'),('1222','2018-02-27',611,27,247,14,'2018-01-25 06:38:19','2019-09-09 12:12:12'),('1223','2018-02-28',612,27,248,14,'2018-01-25 06:38:19','2019-09-09 12:12:12'),('1224','2018-03-01',612,27,248,14,'2018-01-25 06:38:19','2019-09-09 12:12:12'),('1225','2018-03-02',613,28,248,14,'2018-01-25 06:38:19','2019-09-09 12:12:12'),('1226','2018-03-03',613,28,248,14,'2018-01-25 06:38:19','2019-09-09 12:12:12'),('1227','2018-03-04',614,28,248,14,'2018-01-25 06:38:19','2019-09-09 12:12:12'),('1228','2018-03-05',614,28,249,14,'2018-01-25 06:38:19','2019-09-09 12:12:12'),('1229','2018-03-06',615,28,249,14,'2018-01-25 06:38:19','2019-09-09 12:12:12'),('1230','2018-03-07',615,28,249,14,'2018-01-25 06:38:19','2019-09-09 12:12:12'),('1231','2018-03-08',616,28,249,14,'2018-01-25 06:38:19','2019-09-09 12:12:12'),('1232','2018-03-09',616,28,249,14,'2018-01-25 06:38:19','2019-09-09 12:12:12'),('1233','2018-03-10',617,28,250,14,'2018-01-25 06:38:19','2019-09-09 12:12:12'),('1234','2018-03-11',617,28,250,14,'2018-01-25 06:38:19','2019-09-09 12:12:12'),('1235','2018-03-12',618,28,250,14,'2018-01-25 06:38:19','2019-09-09 12:12:12'),('1236','2018-03-13',618,28,250,14,'2018-01-25 06:38:19','2019-09-09 12:12:12'),('1237','2018-03-14',619,28,250,14,'2018-01-25 06:38:19','2019-09-09 12:12:12'),('1238','2018-03-15',619,28,251,14,'2018-01-25 06:38:19','2019-09-09 12:12:12'),('1239','2018-03-16',620,28,251,14,'2018-01-25 06:38:19','2019-09-09 12:12:12'),('1240','2018-03-17',620,28,251,14,'2018-01-25 06:38:19','2019-09-09 12:12:12'),('1241','2018-03-18',621,28,251,14,'2018-01-25 06:38:19','2019-09-09 12:12:12'),('1242','2018-03-19',621,28,251,14,'2018-01-25 06:38:19','2019-09-09 12:12:12'),('1243','2018-03-20',622,28,252,14,'2018-01-25 06:38:19','2019-09-09 12:12:12'),('1244','2018-03-21',622,28,252,14,'2018-01-25 06:38:19','2019-09-09 12:12:12'),('1245','2018-03-22',623,28,252,14,'2018-01-25 06:38:19','2019-09-09 12:12:12'),('1246','2018-03-23',623,28,252,14,'2018-01-25 06:38:19','2019-09-09 12:12:12'),('1247','2018-03-24',624,28,252,14,'2018-01-25 06:38:19','2019-09-09 12:12:12'),('1248','2018-03-25',624,28,253,14,'2018-01-25 06:38:19','2019-09-09 12:12:12'),('1249','2018-03-26',625,28,253,14,'2018-01-25 06:38:19','2019-09-09 12:12:12'),('1250','2018-03-27',625,28,253,14,'2018-01-25 06:38:19','2019-09-09 12:12:12'),('1251','2018-03-28',626,28,253,14,'2018-01-25 06:38:19','2019-09-09 12:12:12'),('1252','2018-03-29',626,28,253,14,'2018-01-25 06:38:19','2019-09-09 12:12:12'),('1253','2018-03-30',627,28,254,14,'2018-01-25 06:38:19','2019-09-09 12:12:12'),('1254','2018-03-31',627,28,254,14,'2018-01-25 06:38:19','2019-09-09 12:12:12'),('1255','2018-04-01',628,28,254,14,'2018-01-25 06:38:19','2019-09-09 12:12:12'),('1256','2018-04-02',628,28,254,14,'2018-01-25 06:38:19','2019-09-09 12:12:12'),('1257','2018-04-03',629,28,254,14,'2018-01-25 06:38:19','2019-09-09 12:12:12'),('1258','2018-04-04',629,28,255,14,'2018-01-25 06:38:19','2019-09-09 12:12:12'),('1259','2018-04-05',630,28,255,14,'2018-01-25 06:38:19','2019-09-09 12:12:12'),('1260','2018-04-06',630,28,255,14,'2018-01-25 06:38:19','2019-09-09 12:12:12'),('1261','2018-04-07',631,28,255,14,'2018-01-25 06:38:19','2019-09-09 12:12:12'),('1262','2018-04-08',631,28,255,14,'2018-01-25 06:38:19','2019-09-09 12:12:12'),('1263','2018-04-09',632,28,256,14,'2018-01-25 06:38:19','2019-09-09 12:12:12'),('1264','2018-04-10',632,28,256,14,'2018-01-25 06:38:19','2019-09-09 12:12:12'),('1265','2018-04-11',633,28,256,14,'2018-01-25 06:38:19','2019-09-09 12:12:12'),('1266','2018-04-12',633,28,256,14,'2018-01-25 06:38:19','2019-09-09 12:12:12'),('1267','2018-04-13',634,28,256,14,'2018-01-25 06:38:19','2019-09-09 12:12:12'),('1268','2018-04-14',634,28,257,14,'2018-01-25 06:38:19','2019-09-09 12:12:12'),('1269','2018-04-15',635,28,257,14,'2018-01-25 06:38:19','2019-09-09 12:12:12'),('1270','2018-04-16',635,28,257,14,'2018-01-25 06:38:19','2019-09-09 12:12:12'),('1271','2018-04-17',636,28,257,14,'2018-01-25 06:38:19','2019-09-09 12:12:12'),('1272','2018-04-18',636,28,257,14,'2018-01-25 06:38:19','2019-09-09 12:12:12'),('1273','2018-04-19',637,28,258,14,'2018-01-25 06:38:19','2019-09-09 12:12:12'),('1274','2018-04-20',637,28,258,14,'2018-01-25 06:38:19','2019-09-09 12:12:12'),('1275','2018-04-21',638,29,258,14,'2018-01-25 06:38:19','2019-09-09 12:12:12'),('1276','2018-04-22',638,29,258,14,'2018-01-25 06:38:19','2019-09-09 12:12:12'),('1277','2018-04-23',639,29,258,14,'2018-01-25 06:38:19','2019-09-09 12:12:12'),('1278','2018-04-24',639,29,259,14,'2018-01-25 06:38:19','2019-09-09 12:12:12'),('1279','2018-04-25',640,29,259,14,'2018-01-25 06:38:19','2019-09-09 12:12:12'),('1280','2018-04-26',640,29,259,14,'2018-01-25 06:38:19','2019-09-09 12:12:12'),('1281','2018-04-27',641,29,259,14,'2018-01-25 06:38:19','2019-09-09 12:12:12'),('1282','2018-04-28',641,29,259,14,'2018-01-25 06:38:19','2019-09-09 12:12:12'),('1283','2018-04-29',642,29,260,14,'2018-01-25 06:38:19','2019-09-09 12:12:12'),('1284','2018-04-30',642,29,260,14,'2018-01-25 06:38:19','2019-09-09 12:12:12'),('1285','2018-05-01',643,29,260,14,'2018-01-25 06:38:19','2019-09-09 12:12:12'),('1286','2018-05-02',643,29,260,14,'2018-01-25 06:38:19','2019-09-09 12:12:12'),('1287','2018-05-03',644,29,260,14,'2018-01-25 06:38:19','2019-09-09 12:12:12'),('1288','2018-05-04',644,29,261,14,'2018-01-25 06:38:19','2019-09-09 12:12:12'),('1289','2018-05-05',645,29,261,14,'2018-01-25 06:38:19','2019-09-09 12:12:12'),('1290','2018-05-06',645,29,261,14,'2018-01-25 06:38:19','2019-09-09 12:12:12'),('1291','2018-05-07',646,29,261,14,'2018-01-25 06:38:19','2019-09-09 12:12:12'),('1292','2018-05-08',646,29,261,14,'2018-01-25 06:38:19','2019-09-09 12:12:12'),('1293','2018-05-09',647,29,262,14,'2018-01-25 06:38:19','2019-09-09 12:12:12'),('1294','2018-05-10',647,29,262,14,'2018-01-25 06:38:19','2019-09-09 12:12:12'),('1295','2018-05-11',648,29,262,14,'2018-01-25 06:38:19','2019-09-09 12:12:12'),('1296','2018-05-12',648,29,262,14,'2018-01-25 06:38:19','2019-09-09 12:12:12'),('1297','2018-05-13',649,29,262,14,'2018-01-25 06:38:19','2019-09-09 12:12:12'),('1298','2018-05-14',649,29,263,14,'2018-01-25 06:38:19','2019-09-09 12:12:12'),('1299','2018-05-15',5,29,263,14,'2018-01-25 06:38:19','2019-09-09 12:12:12'),('1300','2018-05-16',650,29,263,14,'2018-01-25 06:38:19','2019-09-09 12:12:12'),('1301','2018-05-17',651,29,263,14,'2018-01-25 06:38:19','2019-09-09 12:12:12'),('1302','2018-05-18',651,29,263,14,'2018-01-25 06:38:19','2019-09-09 12:12:12'),('1303','2018-05-19',652,29,264,14,'2018-01-25 06:38:19','2019-09-09 12:12:12'),('1304','2018-05-20',652,29,264,14,'2018-01-25 06:38:19','2019-09-09 12:12:12'),('1305','2018-05-21',653,29,264,14,'2018-01-25 06:38:19','2019-09-09 12:12:12'),('1306','2018-05-22',1,29,264,14,'2018-01-25 06:38:19','2019-09-09 12:12:12'),('1307','2018-05-23',654,29,264,14,'2018-01-25 06:38:19','2019-09-09 12:12:12'),('1308','2018-05-24',654,29,265,14,'2018-01-25 06:38:19','2019-09-09 12:12:12'),('1309','2018-05-25',1,29,265,14,'2018-01-25 06:38:19','2019-09-09 12:12:12'),('1310','2018-05-26',655,29,265,14,'2018-01-25 06:38:19','2019-09-09 12:12:12'),('1311','2018-05-27',656,29,265,14,'2018-01-25 06:38:19','2019-09-09 12:12:12'),('1312','2018-05-28',656,29,265,14,'2018-01-25 06:38:19','2019-09-09 12:12:12'),('1313','2018-05-29',657,29,266,14,'2018-01-25 06:38:19','2019-09-09 12:12:12'),('1314','2018-05-30',657,29,266,14,'2018-01-25 06:38:19','2019-09-09 12:12:12'),('1315','2018-05-31',658,29,266,14,'2018-01-25 06:38:19','2019-09-09 12:12:12'),('1316','2018-06-01',658,29,266,14,'2018-01-25 06:38:19','2019-09-09 12:12:12'),('1317','2018-06-02',659,29,266,14,'2018-01-25 06:38:19','2019-09-09 12:12:12'),('1318','2018-06-03',659,29,267,14,'2018-01-25 06:38:19','2019-09-09 12:12:12'),('1319','2018-06-04',660,29,267,14,'2018-01-25 06:38:19','2019-09-09 12:12:12'),('1320','2018-06-05',660,29,267,14,'2018-01-25 06:38:19','2019-09-09 12:12:12'),('1321','2018-06-06',661,29,267,14,'2018-01-25 06:38:19','2019-09-09 12:12:12'),('1322','2018-06-07',661,29,267,14,'2018-01-25 06:38:19','2019-09-09 12:12:12'),('1323','2018-06-08',662,29,268,14,'2018-01-25 06:38:19','2019-09-09 12:12:12'),('1324','2018-06-09',662,29,268,14,'2018-01-25 06:38:19','2019-09-09 12:12:12'),('1325','2018-06-10',663,30,268,14,'2018-01-25 06:38:19','2019-09-09 12:12:12'),('1326','2018-06-11',663,30,268,14,'2018-01-25 06:38:19','2019-09-09 12:12:12'),('1327','2018-06-12',664,30,268,14,'2018-01-25 06:38:19','2019-09-09 12:12:12'),('1328','2018-06-13',664,30,269,14,'2018-01-25 06:38:19','2019-09-09 12:12:12'),('1329','2018-06-14',665,30,269,14,'2018-01-25 06:38:19','2019-09-09 12:12:12'),('1330','2018-06-15',665,30,269,14,'2018-01-25 06:38:19','2019-09-09 12:12:12'),('1331','2018-06-16',666,30,269,14,'2018-01-25 06:38:19','2019-09-09 12:12:12'),('1332','2018-06-17',666,30,269,14,'2018-01-25 06:38:19','2019-09-09 12:12:12'),('1333','2018-06-18',667,30,270,14,'2018-01-25 06:38:19','2019-09-09 12:12:12'),('1334','2018-06-19',667,30,270,14,'2018-01-25 06:38:19','2019-09-09 12:12:12'),('1335','2018-06-20',668,30,270,14,'2018-01-25 06:38:19','2019-09-09 12:12:12'),('1336','2018-06-21',668,30,270,14,'2018-01-25 06:38:19','2019-09-09 12:12:12'),('1337','2018-06-22',669,30,270,14,'2018-01-25 06:38:19','2019-09-09 12:12:12'),('1338','2018-06-23',669,30,271,14,'2018-01-25 06:38:19','2019-09-09 12:12:12'),('1339','2018-06-24',670,30,271,14,'2018-01-25 06:38:19','2019-09-09 12:12:12'),('1340','2018-06-25',670,30,271,14,'2018-01-25 06:38:19','2019-09-09 12:12:12'),('1341','2018-06-26',671,30,271,14,'2018-01-25 06:38:19','2019-09-09 12:12:12'),('1342','2018-06-27',671,30,271,14,'2018-01-25 06:38:19','2019-09-09 12:12:12'),('1343','2018-06-28',672,30,272,14,'2018-01-25 06:38:19','2019-09-09 12:12:12'),('1344','2018-06-29',672,30,272,14,'2018-01-25 06:38:19','2019-09-09 12:12:12'),('1345','2018-06-30',673,30,272,14,'2018-01-25 06:38:20','2019-09-09 12:12:12'),('1346','2018-07-01',673,30,272,14,'2018-01-25 06:38:20','2019-09-09 12:12:12'),('1347','2018-07-02',674,30,272,14,'2018-01-25 06:38:20','2019-09-09 12:12:12'),('1348','2018-07-03',674,30,273,14,'2018-01-25 06:38:20','2019-09-09 12:12:12'),('1349','2018-07-04',675,30,273,14,'2018-01-25 06:38:20','2019-09-09 12:12:12'),('1350','2018-07-05',675,30,273,14,'2018-01-25 06:38:20','2019-09-09 12:12:12'),('1351','2018-07-06',676,30,273,14,'2018-01-25 06:38:20','2019-09-09 12:12:12'),('1352','2018-07-07',676,30,273,14,'2018-01-25 06:38:20','2019-09-09 12:12:12'),('1353','2018-07-08',677,30,274,14,'2018-01-25 06:38:20','2019-09-09 12:12:12'),('1354','2018-07-09',677,30,274,14,'2018-01-25 06:38:20','2019-09-09 12:12:12'),('1355','2018-07-10',678,30,274,14,'2018-01-25 06:38:20','2019-09-09 12:12:12'),('1356','2018-07-11',678,30,274,14,'2018-01-25 06:38:20','2019-09-09 12:12:12'),('1357','2018-07-12',679,30,274,14,'2018-01-25 06:38:20','2019-09-09 12:12:12'),('1358','2018-07-13',679,30,275,14,'2018-01-25 06:38:20','2019-09-09 12:12:12'),('1359','2018-07-14',680,30,275,14,'2018-01-25 06:38:20','2019-09-09 12:12:12'),('1360','2018-07-15',680,30,275,14,'2018-01-25 06:38:20','2019-09-09 12:12:12'),('1361','2018-07-16',681,30,275,14,'2018-01-25 06:38:20','2019-09-09 12:12:12'),('1362','2018-07-17',681,30,275,14,'2018-01-25 06:38:20','2019-09-09 12:12:12'),('1363','2018-07-18',682,30,276,14,'2018-01-25 06:38:20','2019-09-09 12:12:12'),('1364','2018-07-19',682,30,276,14,'2018-01-25 06:38:20','2019-09-09 12:12:12'),('1365','2018-07-20',683,30,276,14,'2018-01-25 06:38:20','2019-09-09 12:12:12'),('1366','2018-07-21',683,30,276,14,'2018-01-25 06:38:20','2019-09-09 12:12:12'),('1367','2018-07-22',684,30,276,14,'2018-01-25 06:38:20','2019-09-09 12:12:12'),('1368','2018-07-23',684,30,277,14,'2018-01-25 06:38:20','2019-09-09 12:12:12'),('1369','2018-07-24',685,30,277,14,'2018-01-25 06:38:20','2019-09-09 12:12:12'),('1370','2018-07-25',685,30,277,14,'2018-01-25 06:38:20','2019-09-09 12:12:12'),('1371','2018-07-26',686,30,277,14,'2018-01-25 06:38:20','2019-09-09 12:12:12'),('1372','2018-07-27',686,30,277,14,'2018-01-25 06:38:20','2019-09-09 12:12:12'),('1373','2018-07-28',687,30,278,14,'2018-01-25 06:38:20','2019-09-09 12:12:12'),('1374','2018-07-29',687,30,278,14,'2018-01-25 06:38:20','2019-09-09 12:12:12'),('1375','2018-07-30',688,31,278,14,'2018-01-25 06:38:20','2019-09-09 12:12:12'),('1376','2018-07-31',688,31,278,14,'2018-01-25 06:38:20','2019-09-09 12:12:12'),('1377','2018-08-01',689,31,278,14,'2018-01-25 06:38:20','2019-09-09 12:12:12'),('1378','2018-08-02',689,31,279,14,'2018-01-25 06:38:20','2019-09-09 12:12:12'),('1379','2018-08-03',690,31,279,14,'2018-01-25 06:38:20','2019-09-09 12:12:12'),('1380','2018-08-04',690,31,279,14,'2018-01-25 06:38:20','2019-09-09 12:12:12'),('1381','2018-08-05',691,31,279,14,'2018-01-25 06:38:20','2019-09-09 12:12:12'),('1382','2018-08-06',691,31,279,14,'2018-01-25 06:38:20','2019-09-09 12:12:12'),('1383','2018-08-07',692,31,280,14,'2018-01-25 06:38:20','2019-09-09 12:12:12'),('1384','2018-08-08',692,31,280,14,'2018-01-25 06:38:20','2019-09-09 12:12:12'),('1385','2018-08-09',1,31,280,14,'2018-01-25 06:38:20','2019-09-09 12:12:12'),('1386','2018-08-10',693,31,280,14,'2018-01-25 06:38:20','2019-09-09 12:12:12'),('1387','2018-08-11',694,31,280,14,'2018-01-25 06:38:20','2019-09-09 12:12:12'),('1388','2018-08-12',694,31,281,14,'2018-01-25 06:38:20','2019-09-09 12:12:12'),('1389','2018-08-13',695,31,281,14,'2018-01-25 06:38:20','2019-09-09 12:12:12'),('1390','2018-08-14',695,31,281,14,'2018-01-25 06:38:20','2019-09-09 12:12:12'),('1390139823058104322','2021-05-05',0,141,5,16,'2021-05-06 11:02:16','2021-05-06 11:02:16'),('1391','2018-08-15',696,31,281,14,'2018-01-25 06:38:20','2019-09-09 12:12:12'),('1392','2018-08-16',696,31,281,14,'2018-01-25 06:38:20','2019-09-09 12:12:12'),('1393','2018-08-17',697,31,282,14,'2018-01-25 06:38:20','2019-09-09 12:12:12'),('1394','2018-08-18',697,31,282,14,'2018-01-25 06:38:20','2019-09-09 12:12:12'),('1395','2018-08-19',698,31,282,14,'2018-01-25 06:38:20','2019-09-09 12:12:12'),('1396','2018-08-20',698,31,282,14,'2018-01-25 06:38:20','2019-09-09 12:12:12'),('1397','2018-08-21',699,31,282,14,'2018-01-25 06:38:20','2019-09-09 12:12:12'),('1398','2018-08-22',699,31,283,14,'2018-01-25 06:38:20','2019-09-09 12:12:12'),('1399','2018-08-23',700,31,283,14,'2018-01-25 06:38:20','2019-09-09 12:12:12'),('1400','2018-08-24',700,31,283,14,'2018-01-25 06:38:20','2019-09-09 12:12:12'),('1400443445733580801','2021-06-03',0,60,250,38,'2021-06-03 21:25:11','2021-06-03 21:25:11'),('1401','2018-08-25',701,31,283,14,'2018-01-25 06:38:20','2019-09-09 12:12:12'),('1402','2018-08-26',701,31,283,14,'2018-01-25 06:38:20','2019-09-09 12:12:12'),('1402820390341357569','2019-06-01',0,97,0,161,'2021-06-10 10:50:19','2021-06-10 10:50:19'),('1403','2018-08-27',702,31,284,14,'2018-01-25 06:38:20','2019-09-09 12:12:12'),('1404','2018-08-28',702,31,284,14,'2018-01-25 06:38:20','2019-09-09 12:12:12'),('1405','2018-08-29',703,31,284,14,'2018-01-25 06:38:20','2019-09-09 12:12:12'),('1406','2018-08-30',703,31,284,14,'2018-01-25 06:38:20','2019-09-09 12:12:12'),('1407','2018-08-31',704,31,284,14,'2018-01-25 06:38:20','2019-09-09 12:12:12'),('1408','2018-09-01',1,31,285,14,'2018-01-25 06:38:20','2019-09-09 12:12:12'),('1409','2018-09-02',705,31,285,14,'2018-01-25 06:38:20','2019-09-09 12:12:12'),('1410','2018-09-03',705,31,285,14,'2018-01-25 06:38:20','2019-09-09 12:12:12'),('1411','2018-09-04',706,31,285,14,'2018-01-25 06:38:20','2019-09-09 12:12:12'),('1412','2018-09-05',706,31,285,14,'2018-01-25 06:38:20','2019-09-09 12:12:12'),('1413','2018-09-06',707,31,286,14,'2018-01-25 06:38:20','2019-09-09 12:12:12'),('1414','2018-09-07',707,31,1,14,'2018-01-25 06:38:20','2019-09-09 12:12:12'),('1415','2018-09-08',708,31,1,14,'2018-01-25 06:38:20','2019-09-09 12:12:12'),('1416','2018-09-09',1,31,1,14,'2018-01-25 06:38:20','2019-09-09 12:12:12'),('1417','2018-09-10',1,31,2,14,'2018-01-25 06:38:20','2019-09-09 12:12:12'),('1418','2018-09-11',709,31,287,14,'2018-01-25 06:38:20','2019-09-09 12:12:12'),('1419','2018-09-12',710,31,287,14,'2018-01-25 06:38:20','2019-09-09 12:12:12'),('1420','2018-09-13',710,31,287,14,'2018-01-25 06:38:20','2019-09-09 12:12:12'),('1421','2018-09-14',711,31,287,14,'2018-01-25 06:38:20','2019-09-09 12:12:12'),('1422','2018-09-15',711,31,287,14,'2018-01-25 06:38:20','2019-09-09 12:12:12'),('1423','2018-09-16',712,31,288,14,'2018-01-25 06:38:20','2019-09-09 12:12:12'),('1424','2018-09-17',712,31,288,14,'2018-01-25 06:38:20','2019-09-09 12:12:12'),('1425','2018-09-18',713,32,288,14,'2018-01-25 06:38:20','2019-09-09 12:12:12'),('1426','2018-09-19',713,32,288,14,'2018-01-25 06:38:20','2019-09-09 12:12:12'),('1427','2018-09-20',714,32,288,14,'2018-01-25 06:38:20','2019-09-09 12:12:12'),('1428','2018-09-21',714,32,289,14,'2018-01-25 06:38:20','2019-09-09 12:12:12'),('1429','2018-09-22',715,32,289,14,'2018-01-25 06:38:20','2019-09-09 12:12:12'),('1430','2018-09-23',715,32,289,14,'2018-01-25 06:38:20','2019-09-09 12:12:12'),('1431','2018-09-24',716,32,1,14,'2018-01-25 06:38:20','2019-09-09 12:12:12'),('1432','2018-09-25',716,32,289,14,'2018-01-25 06:38:20','2019-09-09 12:12:12'),('1433','2018-09-26',717,32,290,14,'2018-01-25 06:38:20','2019-09-09 12:12:12'),('1434','2018-09-27',717,32,290,14,'2018-01-25 06:38:20','2019-09-09 12:12:12'),('1435','2018-09-28',718,32,290,14,'2018-01-25 06:38:20','2019-09-09 12:12:12'),('1436','2018-09-29',718,32,1,14,'2018-01-25 06:38:20','2019-09-09 12:12:12'),('1437','2018-09-30',719,32,290,14,'2018-01-25 06:38:20','2019-09-09 12:12:12'),('1438','2018-10-01',719,32,291,14,'2018-01-25 06:38:20','2019-09-09 12:12:12'),('1439','2018-10-02',720,32,291,14,'2018-01-25 06:38:20','2019-09-09 12:12:12'),('1440','2018-10-03',720,32,291,14,'2018-01-25 06:38:20','2019-09-09 12:12:12'),('1441','2018-10-04',721,32,291,14,'2018-01-25 06:38:20','2019-09-09 12:12:12'),('1442','2018-10-05',721,32,291,14,'2018-01-25 06:38:20','2019-09-09 12:12:12'),('1443','2018-10-06',722,32,292,14,'2018-01-25 06:38:20','2019-09-09 12:12:12'),('1444','2018-10-07',722,32,292,14,'2018-01-25 06:38:20','2019-09-09 12:12:12'),('1445','2018-10-08',1,32,292,14,'2018-01-25 06:38:20','2019-09-09 12:12:12'),('1446','2018-10-09',723,32,292,14,'2018-01-25 06:38:20','2019-09-09 12:12:12'),('1447','2018-10-10',724,32,292,14,'2018-01-25 06:38:20','2019-09-09 12:12:12'),('1448','2018-10-11',724,32,293,14,'2018-01-25 06:38:20','2019-09-09 12:12:12'),('1449','2018-10-12',725,32,293,14,'2018-01-25 06:38:20','2019-09-09 12:12:12'),('1450','2018-10-13',725,32,293,14,'2018-01-25 06:38:20','2019-09-09 12:12:12'),('1451','2018-10-14',726,32,4,14,'2018-01-25 06:38:20','2019-09-09 12:12:12'),('1452','2018-10-15',726,32,293,14,'2018-01-25 06:38:20','2019-09-09 12:12:12'),('1453','2018-10-16',727,32,294,14,'2018-01-25 06:38:20','2019-09-09 12:12:12'),('1454','2018-10-17',727,32,294,14,'2018-01-25 06:38:20','2019-09-09 12:12:12'),('1455','2018-10-18',728,32,294,14,'2018-01-25 06:38:20','2019-09-09 12:12:12'),('1456','2018-10-19',728,32,294,14,'2018-01-25 06:38:20','2019-09-09 12:12:12'),('1457','2018-10-20',729,32,294,14,'2018-01-25 06:38:20','2019-09-09 12:12:12'),('1458','2018-10-21',729,32,295,14,'2018-01-25 06:38:20','2019-09-09 12:12:12'),('1459','2018-10-22',730,32,1,14,'2018-01-25 06:38:20','2019-09-09 12:12:12'),('1460','2018-10-23',730,32,295,14,'2018-01-25 06:38:20','2019-09-09 12:12:12'),('1461','2018-10-24',731,32,295,14,'2018-01-25 06:38:20','2019-09-09 12:12:12'),('1462','2018-10-25',731,32,295,14,'2018-01-25 06:38:20','2019-09-09 12:12:12'),('1463','2018-10-26',732,32,296,14,'2018-01-25 06:38:20','2019-09-09 12:12:12'),('1464','2018-10-27',732,32,296,14,'2018-01-25 06:38:20','2019-09-09 12:12:12'),('1465','2018-10-28',733,32,296,14,'2018-01-25 06:38:20','2019-09-09 12:12:12'),('1466','2018-10-29',2,32,3,14,'2018-01-25 06:38:20','2019-09-09 12:12:12'),('1467','2018-10-30',734,32,296,14,'2018-01-25 06:38:20','2019-09-09 12:12:12'),('1468','2018-10-31',734,32,297,14,'2018-01-25 06:38:20','2019-09-09 12:12:12'),('1469','2018-11-01',735,32,297,14,'2018-01-25 06:38:20','2019-09-09 12:12:12'),('1470','2018-11-02',735,32,297,14,'2018-01-25 06:38:20','2019-09-09 12:12:12'),('1471','2018-11-03',1,32,297,14,'2018-01-25 06:38:20','2019-09-09 12:12:12'),('1472','2018-11-04',736,32,1,14,'2018-01-25 06:38:20','2019-09-09 12:12:12'),('1473','2018-11-05',737,32,298,14,'2018-01-25 06:38:20','2019-09-09 12:12:12'),('1474','2018-11-06',737,32,298,14,'2018-01-25 06:38:20','2019-09-09 12:12:12'),('1475','2018-11-07',738,33,298,14,'2018-01-25 06:38:20','2019-09-09 12:12:12'),('1476','2018-11-08',738,33,169,14,'2018-01-25 06:38:20','2019-09-09 12:12:12'),('1477','2018-11-09',1,33,298,14,'2018-01-25 06:38:20','2019-09-09 12:12:12'),('1478','2018-11-10',739,33,78,14,'2018-01-25 06:38:20','2019-09-09 12:12:12'),('1479','2018-11-11',740,33,299,14,'2018-01-25 06:38:20','2019-09-09 12:12:12'),('1480','2018-11-12',740,33,299,14,'2018-01-25 06:38:20','2019-09-09 12:12:12'),('1481','2018-11-13',741,33,299,14,'2018-01-25 06:38:20','2019-09-09 12:12:12'),('1482','2018-11-14',741,33,299,14,'2018-01-25 06:38:20','2019-09-09 12:12:12'),('1483','2018-11-15',742,33,300,14,'2018-01-25 06:38:20','2019-09-09 12:12:12'),('1484','2018-11-16',742,33,35,14,'2018-01-25 06:38:20','2019-09-09 12:12:12'),('1485','2018-11-17',743,33,300,14,'2018-01-25 06:38:20','2019-09-09 12:12:12'),('1486','2018-11-18',743,33,300,14,'2018-01-25 06:38:20','2019-09-09 12:12:12'),('1487','2018-11-19',744,33,300,14,'2018-01-25 06:38:20','2019-09-09 12:12:12'),('1488','2018-11-20',744,33,301,14,'2018-01-25 06:38:20','2019-09-09 12:12:12'),('1489','2018-11-21',745,33,234,14,'2018-01-25 06:38:20','2019-09-09 12:12:12'),('1490','2018-11-22',456,33,301,14,'2018-01-25 06:38:20','2019-09-09 12:12:12'),('1491','2018-11-23',746,33,301,14,'2018-01-25 06:38:20','2019-09-09 12:12:12'),('1492','2018-11-24',746,33,301,14,'2018-01-25 06:38:20','2019-09-09 12:12:12'),('1493','2018-11-25',747,33,302,14,'2018-01-25 06:38:20','2019-09-09 12:12:12'),('1494','2018-11-26',747,4,302,14,'2018-01-25 06:38:20','2019-09-09 12:12:12'),('1495','2018-11-27',748,33,302,14,'2018-01-25 06:38:20','2019-09-09 12:12:12'),('1496','2018-11-28',748,33,36,14,'2018-01-25 06:38:20','2019-09-09 12:12:12'),('1497','2018-11-29',749,33,302,2,'2018-01-25 06:38:20','2019-09-09 12:12:12'),('1498','2018-11-30',749,3,303,14,'2018-01-25 06:38:20','2019-09-09 12:12:12'),('1499','2018-12-01',750,33,303,14,'2018-01-25 06:38:20','2019-09-09 12:12:12'),('1500','2018-12-02',234,33,303,14,'2018-01-25 06:38:20','2019-09-09 12:12:12'),('1501','2018-12-03',751,33,303,14,'2018-01-25 06:38:20','2019-09-09 12:12:12'),('1502','2018-12-04',751,33,303,14,'2018-01-25 06:38:20','2019-09-09 12:12:12'),('1503','2018-12-05',752,6,304,33,'2018-01-25 06:38:20','2019-09-09 12:12:12'),('1505','2018-12-07',753,33,55,14,'2018-01-25 06:38:20','2019-09-09 12:12:12'),('1506','2018-12-08',753,33,304,14,'2018-01-25 06:38:20','2019-09-09 12:12:12'),('1507','2018-12-09',754,33,304,14,'2018-01-25 06:38:20','2019-09-09 12:12:12'),('1508','2018-12-10',754,1,305,14,'2018-01-25 06:38:20','2019-09-09 12:12:12'),('1509','2018-12-11',755,33,305,14,'2018-01-25 06:38:20','2019-09-09 12:12:12'),('1510','2018-12-12',755,33,305,14,'2018-01-25 06:38:20','2019-09-09 12:12:12'),('1511','2018-12-13',756,33,305,14,'2018-01-25 06:38:20','2019-09-09 12:12:12'),('1512','2018-12-14',366,33,305,14,'2018-01-25 06:38:20','2019-09-09 12:12:12'),('1513','2018-12-15',757,33,66,14,'2018-01-25 06:38:20','2019-09-09 12:12:12'),('1514','2018-12-16',757,33,306,14,'2018-01-25 06:38:20','2019-09-09 12:12:12'),('1515','2018-12-17',758,33,306,14,'2018-01-25 06:38:20','2019-09-09 12:12:12'),('1516','2018-12-18',758,2,306,14,'2018-01-25 06:38:20','2019-09-09 12:12:12'),('1517','2018-12-19',759,33,306,14,'2018-01-25 06:38:20','2019-09-09 12:12:12'),('1518','2018-12-20',564,33,307,14,'2018-01-25 06:38:20','2019-09-09 12:12:12'),('1519','2018-12-21',760,33,307,14,'2018-01-25 06:38:20','2019-09-09 12:12:12'),('1520','2018-12-22',760,33,307,14,'2018-01-25 06:38:20','2019-09-09 12:12:12'),('1521','2018-12-23',761,33,307,14,'2018-01-25 06:38:20','2019-09-09 12:12:12'),('1522','2018-12-24',761,33,307,14,'2018-01-25 06:38:20','2019-09-09 12:12:12'),('1527','2018-12-29',764,34,308,14,'2018-01-25 06:38:20','2019-09-09 12:12:12'),('1528','2018-12-30',764,34,309,14,'2018-01-25 06:38:20','2019-09-09 12:12:12'),('1529','2018-12-31',765,34,309,14,'2018-01-25 06:38:20','2019-09-09 12:12:12'),('1554','2018-01-01',333,34,314,14,'2018-02-02 08:58:31','2019-09-09 12:12:12'),('1555','2018-01-02',778,34,314,14,'2018-02-02 08:58:31','2019-09-09 12:12:12'),('1556','2018-01-03',778,34,314,14,'2018-02-02 08:58:31','2019-09-09 12:12:12'),('1557','2018-01-04',779,34,314,14,'2018-02-02 08:58:31','2019-09-09 12:12:12'),('1558','2018-01-05',779,34,315,14,'2018-02-02 08:58:31','2019-09-09 12:12:12'),('1559','2018-01-06',780,34,315,14,'2018-02-02 08:58:31','2019-09-09 12:12:12'),('1560','2018-01-07',780,34,315,14,'2018-02-02 08:58:31','2019-09-09 12:12:12'),('1561','2018-01-08',781,34,315,14,'2018-02-02 08:58:31','2019-09-09 12:12:12'),('1562','2018-01-09',781,34,315,14,'2018-02-02 08:58:31','2019-09-09 12:12:12'),('1563','2018-01-10',782,34,316,14,'2018-02-02 08:58:31','2019-09-09 12:12:12'),('1564','2018-01-11',782,34,316,14,'2018-02-02 08:58:31','2019-09-09 12:12:12'),('1565','2018-01-12',783,34,316,14,'2018-02-02 08:58:31','2019-09-09 12:12:12'),('1566','2018-01-13',783,34,316,14,'2018-02-02 08:58:31','2019-09-09 12:12:12'),('1567','2018-01-14',784,34,316,14,'2018-02-02 08:58:31','2019-09-09 12:12:12'),('1568','2018-01-15',784,34,317,14,'2018-02-02 08:58:31','2019-09-09 12:12:12'),('1569','2018-01-16',23,34,317,14,'2018-02-02 08:58:31','2019-09-09 12:12:12'),('1570','2018-01-17',785,34,317,14,'2018-02-02 08:58:31','2019-09-09 12:12:12'),('1571','2018-01-18',786,34,317,14,'2018-02-02 08:58:31','2019-09-09 12:12:12'),('1572','2018-01-19',786,34,317,14,'2018-02-02 08:58:31','2019-09-09 12:12:12'),('1573','2018-01-20',787,2,318,14,'2018-02-02 08:58:31','2019-09-09 12:12:12'),('1574','2018-01-21',787,2,318,14,'2018-02-02 08:58:31','2019-09-09 12:12:12'),('1575','2018-01-22',788,1,318,14,'2018-02-02 08:58:31','2019-09-09 12:12:12'),('1576','2018-01-23',788,35,318,14,'2018-02-02 08:58:31','2019-09-09 12:12:12'),('1577','2018-01-24',789,35,318,14,'2018-02-02 08:58:31','2019-09-09 12:12:12'),('1578','2018-01-25',789,1,319,14,'2018-02-02 08:58:31','2019-09-09 12:12:12'),('1579','2018-01-26',790,1,319,14,'2018-02-02 08:58:31','2019-09-09 12:12:12'),('1580','2018-01-27',531,2,319,14,'2018-02-02 08:58:31','2019-09-09 12:12:12'),('1581','2018-01-28',791,2,319,14,'2018-02-02 08:58:31','2019-09-09 12:12:12'),('1582','2018-01-29',791,2,319,14,'2018-02-02 08:58:31','2019-09-09 12:12:12'),('1583','2018-01-30',2,4,2,14,'2018-02-02 08:58:31','2019-09-09 12:12:12'),('1584','2018-01-31',792,35,320,14,'2018-02-02 08:58:31','2019-09-09 12:12:12'),('1586','2018-02-01',793,4,3,14,'2018-02-25 10:54:34','2019-09-09 12:12:12'),('1587','2018-02-02',794,2,1,14,'2018-02-25 10:54:34','2019-09-09 12:12:12'),('1588','2018-02-03',794,1,4,14,'2018-02-25 10:54:34','2019-09-09 12:12:12'),('1589','2018-02-04',795,35,321,14,'2018-02-25 10:54:34','2019-09-09 12:12:12'),('1590','2018-02-05',795,35,321,14,'2018-02-25 10:54:34','2019-09-09 12:12:12'),('1591','2018-02-06',796,35,321,14,'2018-02-25 10:54:34','2019-09-09 12:12:12'),('1592','2018-02-07',796,35,321,14,'2018-02-25 10:54:34','2019-09-09 12:12:12'),('1593','2018-02-08',797,35,322,14,'2018-02-25 10:54:34','2019-09-09 12:12:12'),('1594','2018-02-09',797,35,322,14,'2018-02-25 10:54:34','2019-09-09 12:12:12'),('1595','2018-02-10',99,35,322,14,'2018-02-25 10:54:34','2019-09-09 12:12:12'),('1596','2018-02-11',798,35,322,14,'2018-02-25 10:54:34','2019-09-09 12:12:12'),('1597','2018-02-12',799,35,322,14,'2018-02-25 10:54:34','2019-09-09 12:12:12'),('1598','2018-02-13',799,35,323,14,'2018-02-25 10:54:34','2019-09-09 12:12:12'),('1599','2018-02-14',800,35,323,14,'2018-02-25 10:54:34','2019-09-09 12:12:12'),('1600','2018-02-15',800,35,323,14,'2018-02-25 10:54:34','2019-09-09 12:12:12'),('1601','2018-02-16',89,35,90,14,'2018-02-25 10:54:34','2019-09-09 12:12:12'),('1602','2018-02-17',801,35,323,14,'2018-02-25 10:54:34','2019-09-09 12:12:12'),('1603','2018-02-18',802,23,324,14,'2018-02-25 10:54:34','2019-09-09 12:12:12'),('1604','2018-02-19',802,2,324,14,'2018-02-25 10:54:34','2019-09-09 12:12:12'),('1605','2018-02-20',803,56,324,14,'2018-02-25 10:54:34','2019-09-09 12:12:12'),('1606','2018-02-21',45,35,89,14,'2018-02-25 10:54:34','2019-09-09 12:12:12'),('1607','2018-02-22',804,35,324,14,'2018-02-25 10:54:34','2019-09-09 12:12:12'),('1608','2018-02-23',804,35,325,14,'2018-02-25 10:54:34','2019-09-09 12:12:12'),('1609','2018-02-24',805,1,3,14,'2018-02-25 10:54:34','2019-09-09 12:12:12'),('1610','2018-05-15',0,0,0,7,'2018-05-16 00:25:27','2019-09-09 12:12:12'),('1611','2018-10-01',0,0,0,7,'2018-10-24 16:17:15','2019-09-09 12:12:12'),('1612','2018-10-02',0,0,0,7,'2018-10-24 16:17:15','2019-09-09 12:12:12'),('1613','2018-10-03',0,0,0,7,'2018-10-24 16:17:15','2019-09-09 12:12:12'),('1614','2018-10-04',0,0,0,7,'2018-10-24 16:17:15','2019-09-09 12:12:12'),('1615','2018-10-05',0,0,0,7,'2018-10-24 16:17:15','2019-09-09 12:12:12');
/*!40000 ALTER TABLE `statistics_daily` ENABLE KEYS */;
UNLOCK TABLES;

--
-- Table structure for table `t_order`
--

DROP TABLE IF EXISTS `t_order`;
/*!40101 SET @saved_cs_client     = @@character_set_client */;
/*!50503 SET character_set_client = utf8mb4 */;
CREATE TABLE `t_order` (
  `id` char(19) NOT NULL DEFAULT '',
  `order_no` varchar(20) NOT NULL DEFAULT '' COMMENT '订单号',
  `course_id` varchar(19) NOT NULL DEFAULT '' COMMENT '课程id',
  `course_title` varchar(100) DEFAULT NULL COMMENT '课程名称',
  `course_cover` varchar(255) DEFAULT NULL COMMENT '课程封面',
  `teacher_name` varchar(20) DEFAULT NULL COMMENT '讲师名称',
  `member_id` varchar(19) NOT NULL DEFAULT '' COMMENT '会员id',
  `nickname` varchar(50) DEFAULT NULL COMMENT '会员昵称',
  `mobile` varchar(11) DEFAULT NULL COMMENT '会员手机',
  `total_fee` decimal(10,2) DEFAULT '0.01' COMMENT '订单金额（分）',
  `pay_type` tinyint DEFAULT NULL COMMENT '支付类型（1：微信 2：支付宝）',
  `status` tinyint DEFAULT NULL COMMENT '订单状态（0：未支付 1：已支付）',
  `is_deleted` tinyint unsigned NOT NULL DEFAULT '0' COMMENT '逻辑删除 1（true）已删除， 0（false）未删除',
  `gmt_create` datetime NOT NULL COMMENT '创建时间',
  `gmt_modified` datetime NOT NULL COMMENT '更新时间',
  PRIMARY KEY (`id`),
  UNIQUE KEY `ux_order_no` (`order_no`),
  KEY `idx_course_id` (`course_id`),
  KEY `idx_member_id` (`member_id`)
) ENGINE=InnoDB DEFAULT CHARSET=utf8mb4 COLLATE=utf8mb4_0900_ai_ci COMMENT='订单';
/*!40101 SET character_set_client = @saved_cs_client */;

--
-- Dumping data for table `t_order`
--

LOCK TABLES `t_order` WRITE;
/*!40000 ALTER TABLE `t_order` DISABLE KEYS */;
INSERT INTO `t_order` VALUES ('1385858813021683713','20210424153103868','1383045391817158658','机器学习基础','https://zut-mooc.oss-cn-beijing.aliyuncs.com/20210416/c42450e1-d6e7-4375-9ed1-d2d058c6d5a7course6.jpeg','李飞飞','2','小火火','13700000011',0.01,1,1,0,'2021-04-24 15:31:04','2021-04-24 15:31:21'),('1385885974105456641','20210424171859372','1385837330912264194','量子力学','https://zut-mooc.oss-cn-beijing.aliyuncs.com/20210424/7224d2fc-4903-4c1a-a389-4d257a2c4235量子力学.jpeg','沈君山 ','2','小火火','13700000011',0.00,1,1,0,'2021-04-24 17:18:59','2021-04-24 17:18:59'),('1385886029805813761','20210424171912270','18','Java精品课程','https://zut-mooc.oss-cn-beijing.aliyuncs.com/20210416/bd1f7d2f-aa11-4a8a-baed-c6981953c84bcourse1.jpeg','李明','2','小火火','13700000011',0.00,1,1,0,'2021-04-24 17:19:13','2021-04-24 17:19:13'),('1385886336447184897','20210424172025252','15','HTML5入门课程学习','https://zut-mooc.oss-cn-beijing.aliyuncs.com/20210416/80c86d99-9a2e-42ef-a90c-d17e18d42a97course-html.jpeg','李明','1','suprit','15611248741',0.00,1,1,0,'2021-04-24 17:20:26','2021-04-24 17:20:26'),('1385886372950212610','20210424172034268','1385808251953627138','高等数学','https://zut-mooc.oss-cn-beijing.aliyuncs.com/20210424/b6242c91-b7d9-4759-b543-04018a21b09f高数.jpg','刘淑梅','1','suprit','15611248741',0.00,1,1,0,'2021-04-24 17:20:34','2021-04-24 17:20:34'),('1385886452834926594','20210424172053176','1385837330912264194','量子力学','https://zut-mooc.oss-cn-beijing.aliyuncs.com/20210424/7224d2fc-4903-4c1a-a389-4d257a2c4235量子力学.jpeg','沈君山 ','3','小蓝蓝','13700000002',0.00,1,1,0,'2021-04-24 17:20:54','2021-04-24 17:20:54'),('1385886492391407618','20210424172102995','1385808251953627138','高等数学','https://zut-mooc.oss-cn-beijing.aliyuncs.com/20210424/b6242c91-b7d9-4759-b543-04018a21b09f高数.jpg','刘淑梅','3','小蓝蓝','13700000002',0.00,1,1,0,'2021-04-24 17:21:03','2021-04-24 17:21:03'),('1385886517498511361','20210424172108791','1383045391817158658','机器学习基础','https://zut-mooc.oss-cn-beijing.aliyuncs.com/20210416/c42450e1-d6e7-4375-9ed1-d2d058c6d5a7course6.jpeg','李飞飞','3','小蓝蓝','13700000002',0.01,1,1,0,'2021-04-24 17:21:09','2021-04-24 17:21:44'),('1385886748759851009','20210424172204290','15','HTML5入门课程学习','https://zut-mooc.oss-cn-beijing.aliyuncs.com/20210416/80c86d99-9a2e-42ef-a90c-d17e18d42a97course-html.jpeg','李明','5','菜鸡','13520191389',0.00,1,1,0,'2021-04-24 17:22:04','2021-04-24 17:22:04'),('1385886781659971585','20210424172211733','18','Java精品课程','https://zut-mooc.oss-cn-beijing.aliyuncs.com/20210416/bd1f7d2f-aa11-4a8a-baed-c6981953c84bcourse1.jpeg','李明','5','菜鸡','13520191389',0.00,1,1,0,'2021-04-24 17:22:12','2021-04-24 17:22:12'),('1385886824622227458','20210424172222927','1385808251953627138','高等数学','https://zut-mooc.oss-cn-beijing.aliyuncs.com/20210424/b6242c91-b7d9-4759-b543-04018a21b09f高数.jpg','刘淑梅','5','菜鸡','13520191389',0.00,1,1,0,'2021-04-24 17:22:22','2021-04-24 17:22:22'),('1385886991912042497','20210424172302100','1385837330912264194','量子力学','https://zut-mooc.oss-cn-beijing.aliyuncs.com/20210424/7224d2fc-4903-4c1a-a389-4d257a2c4235量子力学.jpeg','沈君山 ','6','熊大','13520191381',0.00,1,1,0,'2021-04-24 17:23:02','2021-04-24 17:23:02'),('1385887064863571969','20210424172319402','18','Java精品课程','https://zut-mooc.oss-cn-beijing.aliyuncs.com/20210416/bd1f7d2f-aa11-4a8a-baed-c6981953c84bcourse1.jpeg','李明','8','小妹妹','13520191383',0.00,1,1,0,'2021-04-24 17:23:19','2021-04-24 17:23:19'),('1385887089593188353','20210424172325678','15','HTML5入门课程学习','https://zut-mooc.oss-cn-beijing.aliyuncs.com/20210416/80c86d99-9a2e-42ef-a90c-d17e18d42a97course-html.jpeg','李明','8','小妹妹','13520191383',0.00,1,1,0,'2021-04-24 17:23:25','2021-04-24 17:23:25'),('1387320980681613314','20210428162111272','1383045391817158658','机器学习基础','https://zut-mooc.oss-cn-beijing.aliyuncs.com/20210416/c42450e1-d6e7-4375-9ed1-d2d058c6d5a7course6.jpeg','李飞飞','1','suprit','15611248741',0.01,1,0,0,'2021-04-28 16:21:12','2021-04-28 16:21:12'),('1399375142059630593','20210531224007675','1383045391817158658','机器学习基础','https://zut-mooc.oss-cn-beijing.aliyuncs.com/20210416/c42450e1-d6e7-4375-9ed1-d2d058c6d5a7course6.jpeg','李飞飞','5','菜鸡','13520191389',0.01,1,0,0,'2021-05-31 22:40:08','2021-05-31 22:40:08');
/*!40000 ALTER TABLE `t_order` ENABLE KEYS */;
UNLOCK TABLES;

--
-- Table structure for table `t_pay_log`
--

DROP TABLE IF EXISTS `t_pay_log`;
/*!40101 SET @saved_cs_client     = @@character_set_client */;
/*!50503 SET character_set_client = utf8mb4 */;
CREATE TABLE `t_pay_log` (
  `id` char(19) NOT NULL DEFAULT '',
  `order_no` varchar(20) NOT NULL DEFAULT '' COMMENT '订单号',
  `pay_time` datetime DEFAULT NULL COMMENT '支付完成时间',
  `total_fee` decimal(10,2) DEFAULT '0.01' COMMENT '支付金额（分）',
  `transaction_id` varchar(30) DEFAULT NULL COMMENT '交易流水号',
  `trade_state` char(20) DEFAULT NULL COMMENT '交易状态',
  `pay_type` tinyint NOT NULL DEFAULT '0' COMMENT '支付类型（1：微信 2：支付宝）',
  `attr` text COMMENT '其他属性',
  `is_deleted` tinyint unsigned NOT NULL DEFAULT '0' COMMENT '逻辑删除 1（true）已删除， 0（false）未删除',
  `gmt_create` datetime NOT NULL COMMENT '创建时间',
  `gmt_modified` datetime NOT NULL COMMENT '更新时间',
  PRIMARY KEY (`id`),
  UNIQUE KEY `uk_order_no` (`order_no`)
) ENGINE=InnoDB DEFAULT CHARSET=utf8mb4 COLLATE=utf8mb4_0900_ai_ci COMMENT='支付日志表';
/*!40101 SET character_set_client = @saved_cs_client */;

--
-- Dumping data for table `t_pay_log`
--

LOCK TABLES `t_pay_log` WRITE;
/*!40000 ALTER TABLE `t_pay_log` DISABLE KEYS */;
INSERT INTO `t_pay_log` VALUES ('1194498446013001730','1194498300579704832','2019-11-13 14:13:17',1.00,'4200000469201911130676624386','SUCCESS',1,'{\"transaction_id\":\"4200000469201911130676624386\",\"nonce_str\":\"2Lc23ILl231It53M\",\"trade_state\":\"SUCCESS\",\"bank_type\":\"CFT\",\"openid\":\"oNpSGwR-QGG5DaZtDkh2UZlsFDQE\",\"sign\":\"5404850AA3ED0E844DE104651477F07A\",\"return_msg\":\"OK\",\"fee_type\":\"CNY\",\"mch_id\":\"1473426802\",\"cash_fee\":\"1\",\"out_trade_no\":\"1194498300579704832\",\"cash_fee_type\":\"CNY\",\"appid\":\"wx8397f8696b538317\",\"total_fee\":\"1\",\"trade_state_desc\":\"支付成功\",\"trade_type\":\"NATIVE\",\"result_code\":\"SUCCESS\",\"attach\":\"\",\"time_end\":\"20191113141314\",\"is_subscribe\":\"N\",\"return_code\":\"SUCCESS\"}',0,'2019-11-13 14:13:17','2019-11-13 14:13:17'),('1195253787449430017','1195253049260314624','2019-11-15 16:14:44',1.00,'4200000454201911150981874895','SUCCESS',1,'{\"transaction_id\":\"4200000454201911150981874895\",\"nonce_str\":\"MAM5UM4Xhv1lItvO\",\"trade_state\":\"SUCCESS\",\"bank_type\":\"CFT\",\"openid\":\"oNpSGwR-QGG5DaZtDkh2UZlsFDQE\",\"sign\":\"7DBDCAF4A078B30BB3EF073E6A238C20\",\"return_msg\":\"OK\",\"fee_type\":\"CNY\",\"mch_id\":\"1473426802\",\"cash_fee\":\"1\",\"out_trade_no\":\"1195253049260314624\",\"cash_fee_type\":\"CNY\",\"appid\":\"wx8397f8696b538317\",\"total_fee\":\"1\",\"trade_state_desc\":\"支付成功\",\"trade_type\":\"NATIVE\",\"result_code\":\"SUCCESS\",\"attach\":\"\",\"time_end\":\"20191115161440\",\"is_subscribe\":\"N\",\"return_code\":\"SUCCESS\"}',0,'2019-11-15 16:14:44','2019-11-15 16:14:44'),('1196264321397342210','1196264005255872512','2019-11-18 11:10:14',1.00,'4200000453201911184025781554','SUCCESS',1,'{\"transaction_id\":\"4200000453201911184025781554\",\"nonce_str\":\"D1dHexCLIFIxAAg2\",\"trade_state\":\"SUCCESS\",\"bank_type\":\"CFT\",\"openid\":\"oNpSGwR-QGG5DaZtDkh2UZlsFDQE\",\"sign\":\"C9F5CA1EE49EA7891736D73BEB423962\",\"return_msg\":\"OK\",\"fee_type\":\"CNY\",\"mch_id\":\"1473426802\",\"cash_fee\":\"1\",\"out_trade_no\":\"1196264005255872512\",\"cash_fee_type\":\"CNY\",\"appid\":\"wx8397f8696b538317\",\"total_fee\":\"1\",\"trade_state_desc\":\"支付成功\",\"trade_type\":\"NATIVE\",\"result_code\":\"SUCCESS\",\"attach\":\"\",\"time_end\":\"20191118111011\",\"is_subscribe\":\"N\",\"return_code\":\"SUCCESS\"}',0,'2019-11-18 11:10:14','2019-11-18 11:10:14'),('1384841757417594881','20210421195720216','2021-04-21 20:09:39',0.01,'4200000946202104214334475941','SUCCESS',1,'{\"transaction_id\":\"4200000946202104214334475941\",\"nonce_str\":\"eDT4Mr2S8KpvJ0fa\",\"trade_state\":\"SUCCESS\",\"bank_type\":\"OTHERS\",\"openid\":\"oHwsHuPR8c6pgQflGieutUqDzfdY\",\"sign\":\"8B8FD29D9EDA07A5549AC359C72785DC\",\"return_msg\":\"OK\",\"fee_type\":\"CNY\",\"mch_id\":\"1558950191\",\"cash_fee\":\"1\",\"out_trade_no\":\"20210421195720216\",\"cash_fee_type\":\"CNY\",\"appid\":\"wx74862e0dfcf69954\",\"total_fee\":\"1\",\"trade_state_desc\":\"支付成功\",\"trade_type\":\"NATIVE\",\"result_code\":\"SUCCESS\",\"attach\":\"\",\"time_end\":\"20210421200937\",\"is_subscribe\":\"N\",\"return_code\":\"SUCCESS\"}',0,'2021-04-21 20:09:39','2021-04-21 20:09:39'),('1385858886396837889','20210424153103868','2021-04-24 15:31:21',0.01,'4200001039202104244934687275','SUCCESS',1,'{\"transaction_id\":\"4200001039202104244934687275\",\"nonce_str\":\"tOPMC2VrdgsgDbpj\",\"trade_state\":\"SUCCESS\",\"bank_type\":\"OTHERS\",\"openid\":\"oHwsHuPR8c6pgQflGieutUqDzfdY\",\"sign\":\"D3C4841AC3EEF0D954C479B14074BF24\",\"return_msg\":\"OK\",\"fee_type\":\"CNY\",\"mch_id\":\"1558950191\",\"cash_fee\":\"1\",\"out_trade_no\":\"20210424153103868\",\"cash_fee_type\":\"CNY\",\"appid\":\"wx74862e0dfcf69954\",\"total_fee\":\"1\",\"trade_state_desc\":\"支付成功\",\"trade_type\":\"NATIVE\",\"result_code\":\"SUCCESS\",\"attach\":\"\",\"time_end\":\"20210424153118\",\"is_subscribe\":\"N\",\"return_code\":\"SUCCESS\"}',0,'2021-04-24 15:31:21','2021-04-24 15:31:21'),('1385886664051687425','20210424172108791','2021-04-24 17:21:44',0.01,'4200001041202104240176741107','SUCCESS',1,'{\"transaction_id\":\"4200001041202104240176741107\",\"nonce_str\":\"llUFHnnJQeCHv9c8\",\"trade_state\":\"SUCCESS\",\"bank_type\":\"OTHERS\",\"openid\":\"oHwsHuPR8c6pgQflGieutUqDzfdY\",\"sign\":\"F2868F77F48F40F08AC6C1A1529473E5\",\"return_msg\":\"OK\",\"fee_type\":\"CNY\",\"mch_id\":\"1558950191\",\"cash_fee\":\"1\",\"out_trade_no\":\"20210424172108791\",\"cash_fee_type\":\"CNY\",\"appid\":\"wx74862e0dfcf69954\",\"total_fee\":\"1\",\"trade_state_desc\":\"支付成功\",\"trade_type\":\"NATIVE\",\"result_code\":\"SUCCESS\",\"attach\":\"\",\"time_end\":\"20210424172139\",\"is_subscribe\":\"N\",\"return_code\":\"SUCCESS\"}',0,'2021-04-24 17:21:44','2021-04-24 17:21:44');
/*!40000 ALTER TABLE `t_pay_log` ENABLE KEYS */;
UNLOCK TABLES;

--
-- Table structure for table `ucenter_member`
--

DROP TABLE IF EXISTS `ucenter_member`;
/*!40101 SET @saved_cs_client     = @@character_set_client */;
/*!50503 SET character_set_client = utf8mb4 */;
CREATE TABLE `ucenter_member` (
  `id` char(19) NOT NULL COMMENT '会员id',
  `openid` varchar(128) DEFAULT NULL COMMENT '微信openid',
  `email` varchar(24) DEFAULT '' COMMENT '邮箱',
  `mobile` varchar(11) DEFAULT '' COMMENT '手机号',
  `password` varchar(255) DEFAULT NULL COMMENT '密码',
  `nickname` varchar(50) DEFAULT NULL COMMENT '昵称',
  `sex` tinyint unsigned DEFAULT NULL COMMENT '性别 1 女，2 男',
  `age` tinyint unsigned DEFAULT NULL COMMENT '年龄',
  `avatar` varchar(255) DEFAULT NULL COMMENT '用户头像',
  `sign` varchar(100) DEFAULT NULL COMMENT '用户签名',
  `is_disabled` tinyint(1) NOT NULL DEFAULT '0' COMMENT '是否禁用 1（true）已禁用，  0（false）未禁用',
  `is_deleted` tinyint(1) NOT NULL DEFAULT '0' COMMENT '逻辑删除 1（true）已删除， 0（false）未删除',
  `gmt_create` datetime NOT NULL COMMENT '创建时间',
  `gmt_modified` datetime NOT NULL COMMENT '更新时间',
  PRIMARY KEY (`id`)
) ENGINE=InnoDB DEFAULT CHARSET=utf8mb4 COLLATE=utf8mb4_0900_ai_ci COMMENT='会员表';
/*!40101 SET character_set_client = @saved_cs_client */;

--
-- Dumping data for table `ucenter_member`
--

LOCK TABLES `ucenter_member` WRITE;
/*!40000 ALTER TABLE `ucenter_member` DISABLE KEYS */;
INSERT INTO `ucenter_member` VALUES ('1',NULL,'','15611248741','96e79218965eb72c92a549dd5a330112','suprit',1,5,'https://suprit-images.oss-cn-beijing.aliyuncs.com/2021-04-24-avatar1.jpeg',NULL,0,0,'2019-01-01 12:11:33','2019-11-08 11:56:01'),('2',NULL,'','13700000011','96e79218965eb72c92a549dd5a330112','小火火',1,19,'https://suprit-images.oss-cn-beijing.aliyuncs.com/2021-04-24-avatar1.jpeg',NULL,0,0,'2019-01-02 12:12:45','2019-01-02 12:12:56'),('3',NULL,'','13700000002','96e79218965eb72c92a549dd5a330112','小蓝蓝',1,27,'https://suprit-images.oss-cn-beijing.aliyuncs.com/2021-04-24-avatar1.jpeg',NULL,0,0,'2019-01-02 12:13:56','2019-01-02 12:14:07'),('4',NULL,'','13520191388','96e79218965eb72c92a549dd5a330112','小木木',2,20,'https://suprit-images.oss-cn-beijing.aliyuncs.com/2021-04-24-avatar1.jpeg',NULL,0,0,'2019-01-19 06:17:23','2019-01-19 06:17:23'),('5',NULL,'','13520191389','96e79218965eb72c92a549dd5a330112','菜鸡',1,21,'https://suprit-images.oss-cn-beijing.aliyuncs.com/2021-04-24-avatar1.jpeg',NULL,0,0,'2019-01-19 06:17:23','2019-01-19 06:17:23'),('6',NULL,'','13520191381','96e79218965eb72c92a549dd5a330112','熊大',1,18,'https://suprit-images.oss-cn-beijing.aliyuncs.com/2021-04-24-avatar1.jpeg',NULL,0,0,'2019-01-19 06:17:23','2019-01-19 06:17:23'),('7',NULL,'','13520191382','96e79218965eb72c92a549dd5a330112','熊二',2,24,'https://suprit-images.oss-cn-beijing.aliyuncs.com/2021-04-24-avatar1.jpeg',NULL,0,0,'2019-01-19 06:17:23','2019-01-19 06:17:23'),('8',NULL,'','13520191383','96e79218965eb72c92a549dd5a330112','小妹妹',2,25,'https://suprit-images.oss-cn-beijing.aliyuncs.com/2021-04-24-avatar1.jpeg',NULL,0,0,'2019-01-19 06:17:23','2019-01-19 06:17:23'),('9',NULL,'','13520191384','96e79218965eb72c92a549dd5a330112','小哥哥',2,23,'https://suprit-images.oss-cn-beijing.aliyuncs.com/2021-04-24-avatar1.jpeg',NULL,0,0,'2019-01-19 06:17:23','2019-01-19 06:17:23');
/*!40000 ALTER TABLE `ucenter_member` ENABLE KEYS */;
UNLOCK TABLES;

--
-- Dumping routines for database 'guli'
--
/*!40103 SET TIME_ZONE=@OLD_TIME_ZONE */;

/*!40101 SET SQL_MODE=@OLD_SQL_MODE */;
/*!40014 SET FOREIGN_KEY_CHECKS=@OLD_FOREIGN_KEY_CHECKS */;
/*!40014 SET UNIQUE_CHECKS=@OLD_UNIQUE_CHECKS */;
/*!40101 SET CHARACTER_SET_CLIENT=@OLD_CHARACTER_SET_CLIENT */;
/*!40101 SET CHARACTER_SET_RESULTS=@OLD_CHARACTER_SET_RESULTS */;
/*!40101 SET COLLATION_CONNECTION=@OLD_COLLATION_CONNECTION */;
/*!40111 SET SQL_NOTES=@OLD_SQL_NOTES */;

-- Dump completed on 2021-06-14  8:44:23
